-- phpMyAdmin SQL Dump
-- version 5.1.1
-- https://www.phpmyadmin.net/
--
-- 主機： 127.0.0.1
-- 產生時間： 2022-01-05 10:43:35
-- 伺服器版本： 10.4.21-MariaDB
-- PHP 版本： 8.0.10

SET SQL_MODE = "NO_AUTO_VALUE_ON_ZERO";
START TRANSACTION;
SET time_zone = "+00:00";


/*!40101 SET @OLD_CHARACTER_SET_CLIENT=@@CHARACTER_SET_CLIENT */;
/*!40101 SET @OLD_CHARACTER_SET_RESULTS=@@CHARACTER_SET_RESULTS */;
/*!40101 SET @OLD_COLLATION_CONNECTION=@@COLLATION_CONNECTION */;
/*!40101 SET NAMES utf8mb4 */;

--
-- 資料庫: `tham`
--

-- --------------------------------------------------------

--
-- 資料表結構 `act_perform`
--

CREATE TABLE `act_perform` (
  `A_ID` int(11) NOT NULL,
  `T_ID` int(11) NOT NULL,
  `start_year` int(11) NOT NULL,
  `start_month` int(11) NOT NULL,
  `start_day` int(11) NOT NULL,
  `end_year` int(11) NOT NULL,
  `end_month` int(11) NOT NULL,
  `end_day` int(11) NOT NULL,
  `A_name` varchar(36) NOT NULL,
  `cost` int(11) NOT NULL,
  `Admin_id` varchar(25) NOT NULL
) ENGINE=InnoDB DEFAULT CHARSET=utf8mb4;

--
-- 傾印資料表的資料 `act_perform`
--

INSERT INTO `act_perform` (`A_ID`, `T_ID`, `start_year`, `start_month`, `start_day`, `end_year`, `end_month`, `end_day`, `A_name`, `cost`, `Admin_id`) VALUES
(1, 2, 2022, 1, 31, 2022, 2, 7, '農曆春節活動', 300000, '1');

-- --------------------------------------------------------

--
-- 資料表結構 `customer`
--

CREATE TABLE `customer` (
  `C_ID` int(11) NOT NULL,
  `C_name` varchar(25) NOT NULL,
  `address` varchar(1000) DEFAULT NULL,
  `phone` varchar(10) DEFAULT NULL,
  `mail` varchar(100) DEFAULT NULL,
  `individual` bit(1) DEFAULT NULL,
  `signup_date` datetime DEFAULT NULL,
  `gender` bit(1) DEFAULT NULL
) ENGINE=InnoDB DEFAULT CHARSET=utf8mb4;

--
-- 傾印資料表的資料 `customer`
--

INSERT INTO `customer` (`C_ID`, `C_name`, `address`, `phone`, `mail`, `individual`, `signup_date`, `gender`) VALUES
(1, 'test', '', '', '', b'0', '2022-01-04 08:53:07', b'0'),
(2, 'test1', '', '', '', b'0', '2022-01-04 09:13:11', b'0'),
(27, 'Jason Mendoza', '8489 Kevin Stream Apt. 328\r\nSylviaville, CO 47689', '03-9819582', 'victoriaperez@example.com', b'1', '2022-01-04 08:53:00', b'1'),
(28, 'Nicholas Baker', '0362 Yvonne Walks Suite 659\r\nNew Johnside, CA 66211', '076 827979', 'donald21@example.net', b'1', '2022-01-04 08:53:00', b'1'),
(29, 'Mrs. Christina Hendricks', '762 Adrian View Suite 919\r\nLake Pamelamouth, RI 90986', '(05) 31603', 'stephenmedina@example.com', b'1', '2022-01-04 08:53:00', b'1'),
(30, 'David Maldonado', '94688 Jensen Ferry\r\nPamelaland, TN 85455', '(01) 15080', 'michaeldavis@example.com', b'1', '2022-01-04 08:53:00', b'1'),
(31, 'Travis Mcmillan', '647 Hunter Brook Suite 095\r\nPort Kimberlyhaven, NC 08788', '978333268', 'chandlerangela@example.net', b'1', '2022-01-04 08:53:00', b'1'),
(32, 'Darlene Murray', '82058 Smith Manors Suite 201\r\nWest Olivia, AZ 95797', '962079543', 'susan35@example.com', b'1', '2022-01-04 08:53:00', b'1'),
(33, 'Paige Wilson', '91003 Aaron Mountains Apt. 323\r\nWarrenfurt, KS 56342', '(06) 28744', 'keith93@example.net', b'1', '2022-01-04 08:53:00', b'1'),
(34, 'Andrea Hernandez', '47380 Bauer Plains Suite 552\r\nLake Kyle, WI 79342', '06 6644637', 'don69@example.com', b'1', '2022-01-04 08:53:00', b'1'),
(35, 'Rachel Wilson', '59390 Victoria Pine Suite 467\r\nTiffanyville, WI 13454', '05 8930276', 'garcianatalie@example.net', b'1', '2022-01-04 08:53:00', b'1'),
(36, 'Riley Mckinney', '291 Brandon Fork\r\nWest Toddview, TX 96764', '023 473092', 'hallamanda@example.com', b'1', '2022-01-04 08:53:00', b'1'),
(37, 'Tyler Holmes', '824 Davis Via Suite 309\r\nPort Rachael, KY 54428', '951956823', 'jamesjackie@example.net', b'1', '2022-01-04 08:53:00', b'1'),
(38, 'Troy Malone', '467 Turner Land Apt. 934\r\nBrownmouth, HI 65178', '0966-70690', 'david02@example.com', b'1', '2022-01-04 08:53:00', b'1'),
(39, 'Lawrence Jones', '440 Mitchell Burgs Suite 097\r\nSouth Micheal, VT 17200', '02 7730360', 'ronald50@example.com', b'1', '2022-01-04 08:53:00', b'1'),
(40, 'Alyssa Wright', '59072 Burgess River\r\nSouth Ianport, MD 54877', '(01) 34621', 'nathan30@example.net', b'1', '2022-01-04 08:53:00', b'1'),
(41, 'Linda Nguyen', '921 Andrew Inlet Suite 547\r\nLake Ronaldfurt, FL 81428', '08-9435625', 'vmoore@example.com', b'1', '2022-01-04 08:53:00', b'1'),
(42, 'Sheila Perez', '3796 Nelson Roads Apt. 447\r\nSouth Blakefurt, MI 53367', '08-4577390', 'vhall@example.net', b'1', '2022-01-04 08:53:00', b'1'),
(43, 'Johnny May', 'USNS Rodriguez\r\nFPO AA 90511', '901239733', 'alexandraboyd@example.org', b'1', '2022-01-04 08:53:00', b'1'),
(44, 'Julie Huang', '88513 Travis Skyway\r\nChristineport, NY 17160', '0935-14001', 'brandonreese@example.org', b'1', '2022-01-04 08:53:00', b'1'),
(45, 'Christina Fuentes', 'Unit 4760 Box 0055\r\nDPO AP 38453', '(02) 66788', 'berrydiane@example.com', b'1', '2022-01-04 08:53:00', b'1'),
(46, 'Katrina Smith', '316 Thomas Land Apt. 041\r\nNew Brianfort, ME 39238', '(05) 24564', 'walkerwilliam@example.org', b'1', '2022-01-04 08:53:00', b'1'),
(47, 'Sandra Wilson PhD', 'PSC 7489, Box 6245\r\nAPO AE 51941', '02-8738229', 'jklein@example.org', b'1', '2022-01-04 08:53:00', b'1'),
(48, 'Jennifer Nguyen', '9251 Zachary Circles Apt. 037\r\nWest Patricia, AK 94319', '01-3679410', 'jamesallen@example.net', b'1', '2022-01-04 08:53:00', b'1'),
(49, 'Franklin Espinoza', '620 Samantha Junctions\r\nPort Danielside, TX 90999', '08-4536202', 'sandra51@example.net', b'1', '2022-01-04 08:53:00', b'1'),
(50, 'Amanda Jones', 'PSC 5786, Box 5930\r\nAPO AE 09279', '03-7105005', 'antonio18@example.com', b'1', '2022-01-04 08:53:00', b'1'),
(51, 'James Vaughn', 'USS Flores\r\nFPO AA 80866', '030 500355', 'laura54@example.net', b'1', '2022-01-04 08:53:00', b'1'),
(52, 'Stephanie Herrera', '85582 John Junction\r\nPort Heatherville, AR 55403', '933744880', 'cvaldez@example.com', b'1', '2022-01-04 08:53:00', b'1'),
(53, 'Benjamin Clark', '74904 Russell Heights\r\nSouth Barbara, PA 44273', '06-6217040', 'lopezbrenda@example.com', b'1', '2022-01-04 08:53:00', b'1'),
(54, 'Dr. Michael Morgan', '087 Christopher Prairie Suite 658\r\nEast Michael, CO 66282', '07 5383961', 'smithsherri@example.com', b'1', '2022-01-04 08:53:00', b'1'),
(55, 'Tabitha Morris', '947 Anderson Stream Suite 910\r\nSouth Ashleybury, OK 22550', '0925-47061', 'pevans@example.net', b'1', '2022-01-04 08:53:00', b'1'),
(56, 'Michael Coleman', '36997 Amber Common Apt. 328\r\nPort Hannah, FL 58805', '06-3746114', 'jason26@example.com', b'1', '2022-01-04 08:53:00', b'1'),
(57, 'David Davenport', '51307 Shields Key\r\nNew Amber, NV 91533', '09-2526999', 'heberttyler@example.net', b'1', '2022-01-04 08:53:00', b'1'),
(58, 'Matthew Perez', '9118 Alexander Forks\r\nAyersborough, IA 17981', '049 933895', 'stephanie26@example.net', b'1', '2022-01-04 08:53:00', b'1'),
(59, 'Donald Murray', '49501 Molly Mountain\r\nMichelleshire, ID 09211', '08 3720391', 'kathrynweber@example.org', b'1', '2022-01-04 08:53:00', b'1'),
(60, 'Jessica Garcia', 'PSC 3623, Box 5386\r\nAPO AP 53540', '07-3365887', 'kirklewis@example.com', b'1', '2022-01-04 08:53:00', b'1'),
(61, 'Douglas Gray', '3490 Ball Route Suite 101\r\nArmstrongport, IN 37490', '06-2575041', 'xellis@example.org', b'1', '2022-01-04 08:53:00', b'1'),
(62, 'Shawn Frye', '4520 Martinez Estates Apt. 961\r\nNorth Brettberg, UT 64148', '067 552150', 'pmurray@example.com', b'1', '2022-01-04 08:53:00', b'1'),
(63, 'Keith Martin', '6422 Haley Causeway Suite 911\r\nBartlettbury, NM 63109', '05-6968351', 'hartjames@example.net', b'1', '2022-01-04 08:53:00', b'1'),
(64, 'Angela Lee', 'Unit 6319 Box 2385\r\nDPO AE 99861', '(00) 64817', 'aaronbaird@example.com', b'1', '2022-01-04 08:53:00', b'1'),
(65, 'Scott Fisher', '361 Fisher Harbor\r\nNew Williamchester, NJ 07619', '930843436', 'brandon78@example.org', b'1', '2022-01-04 08:53:00', b'1'),
(66, 'Jeffrey Joseph', '57861 Katherine Lake Apt. 526\r\nWest Donald, SC 43065', '(00) 18460', 'hernandezronald@example.com', b'1', '2022-01-04 08:53:00', b'1'),
(67, 'Caroline Stevens', '03121 Davis Neck Suite 107\r\nFitzpatrickfort, NJ 48244', '064 569494', 'warnervictoria@example.net', b'1', '2022-01-04 08:53:00', b'1'),
(68, 'Jessica Potts', '0117 Mercedes Overpass Suite 885\r\nRobersonfurt, WA 50813', '02-4806091', 'danielteresa@example.net', b'1', '2022-01-04 08:53:00', b'1'),
(69, 'Richard Cole', '09234 Hart Mountains\r\nNorth Robert, RI 57726', '02-8168558', 'nicholas98@example.net', b'1', '2022-01-04 08:53:00', b'1'),
(70, 'Seth Patterson', '28286 West Junctions Suite 555\r\nPort Jeremymouth, LA 21680', '0903-27147', 'schwartzscott@example.org', b'1', '2022-01-04 08:53:00', b'1'),
(71, 'Scott Wilcox', '161 Lopez Knolls Suite 568\r\nNorth Antonio, SC 53372', '(09) 80983', 'marybennett@example.com', b'1', '2022-01-04 08:53:00', b'1'),
(72, 'Michael Johnston', 'USNV Waters\r\nFPO AA 72307', '03 2892298', 'pmorgan@example.com', b'1', '2022-01-04 08:53:00', b'1'),
(73, 'Gary West', '338 Stone Harbor\r\nLake Alexmouth, MI 69895', '05-4790787', 'scott39@example.org', b'1', '2022-01-04 08:53:00', b'1'),
(74, 'John Gonzalez', '329 Corey Loaf\r\nWest Mallory, MD 35891', '01-1482601', 'jonesallison@example.net', b'1', '2022-01-04 08:53:00', b'1'),
(75, 'Philip Wilson', '98732 Jones Wells Suite 420\r\nRichardsonhaven, MS 74537', '03 6496229', 'nbrown@example.org', b'1', '2022-01-04 08:53:00', b'1'),
(76, 'Mark Larson', '84973 Castillo Meadow Suite 159\r\nAndreaport, NM 36737', '(09) 63262', 'wallacetanner@example.org', b'1', '2022-01-04 08:53:00', b'1'),
(77, 'Sandra Bridges', '7578 Morgan Harbors\r\nLake Oliviafurt, CT 74947', '980206173', 'johncisneros@example.com', b'1', '2022-01-04 08:53:00', b'1'),
(78, 'Jenna Hubbard', '6314 Gomez Tunnel\r\nPort Derrick, KY 66057', '05 9435306', 'adamsjames@example.com', b'1', '2022-01-04 08:53:00', b'1'),
(79, 'Stephen Rivera', '883 Edward Place\r\nWest Oliviamouth, HI 47291', '09-8530509', 'griffinmelissa@example.net', b'1', '2022-01-04 08:53:00', b'1'),
(80, 'Troy Pope', '5899 Michelle Freeway Suite 029\r\nWest Kevin, OH 62316', '01-7225690', 'fsantiago@example.org', b'1', '2022-01-04 08:53:00', b'1'),
(81, 'Melinda King', '74791 Monica Fort Apt. 792\r\nEast Annaton, SC 86124', '935435110', 'jeffery15@example.com', b'1', '2022-01-04 08:53:00', b'1'),
(82, 'Marie Mcgrath', '558 Michael Isle Suite 723\r\nLake Diane, SD 79968', '044 367385', 'martinamy@example.net', b'1', '2022-01-04 08:53:00', b'1'),
(83, 'Lisa Powers', 'USNV Mendez\r\nFPO AP 36409', '029 216664', 'debrabrown@example.org', b'1', '2022-01-04 08:53:00', b'1'),
(84, 'Amber Knox', '74460 Williams Center\r\nWilliamschester, WA 03200', '0970-97234', 'breannayoung@example.org', b'1', '2022-01-04 08:53:00', b'1'),
(85, 'Nancy Arnold', '0415 Joseph Orchard\r\nLake Donnatown, AL 59251', '09-3992597', 'michaelroth@example.org', b'1', '2022-01-04 08:53:00', b'1'),
(86, 'Allison Cruz', '8455 Clark Hollow\r\nHeathermouth, MA 19148', '001 110462', 'gorozco@example.net', b'1', '2022-01-04 08:53:00', b'1'),
(87, 'Betty Holmes', 'USCGC Gray\r\nFPO AE 49788', '007 709545', 'medinadiana@example.org', b'1', '2022-01-04 08:53:00', b'1'),
(88, 'Jon Jenkins', '2760 Dale Avenue Suite 239\r\nSouth Dylan, MI 94654', '0911-88649', 'davidlane@example.net', b'1', '2022-01-04 08:53:00', b'1'),
(89, 'Tammy Reese', 'PSC 9155, Box 1711\r\nAPO AE 40010', '00-1537598', 'stephenwilliams@example.net', b'1', '2022-01-04 08:53:00', b'1'),
(90, 'Michele Munoz', '5321 Dennis Neck Suite 794\r\nPorterton, MN 92120', '09 1796291', 'leroy92@example.com', b'1', '2022-01-04 08:53:00', b'1'),
(91, 'Angela Trujillo', '5345 Rodriguez Square Suite 610\r\nOrtegaton, SD 82006', '(08) 79649', 'jeffery83@example.com', b'1', '2022-01-04 08:53:00', b'1'),
(92, 'Shelly Miller', '25250 Barbara Trail\r\nLopezville, MI 86850', '057 603944', 'theresakelly@example.com', b'1', '2022-01-04 08:53:00', b'1'),
(93, 'Robert Thomas', 'USS Hernandez\r\nFPO AP 29075', '035 802023', 'spatel@example.org', b'1', '2022-01-04 08:53:00', b'1'),
(94, 'Valerie Stevens', '112 Miguel Turnpike Apt. 657\r\nAmandaborough, AK 67092', '00 1339220', 'walkerheidi@example.com', b'1', '2022-01-04 08:53:00', b'1'),
(95, 'Rebecca Williams', '16690 Johnson Vista\r\nMeganburgh, OH 17217', '928277236', 'qharris@example.net', b'1', '2022-01-04 08:53:00', b'1'),
(96, 'David Gordon', '12786 Brown Junction Apt. 912\r\nHardingborough, LA 65670', '0906-96881', 'meagan33@example.net', b'1', '2022-01-04 08:53:00', b'1'),
(97, 'Harold Moore', '710 Jennifer Neck\r\nJennifermouth, WV 74976', '041 203367', 'mark79@example.net', b'1', '2022-01-04 08:53:00', b'1'),
(98, 'Dana Gray', '7388 Gene Terrace Suite 372\r\nWest Robertborough, CA 76791', '00 3550284', 'westgabriella@example.net', b'1', '2022-01-04 08:53:00', b'1'),
(99, 'Tammy Huff', '090 Cheryl Gardens Suite 190\r\nSouth Briana, AK 95278', '(07) 94257', 'phyllis54@example.org', b'1', '2022-01-04 08:53:00', b'1'),
(100, 'Ian Cortez', '1544 Schneider Cove\r\nHolmesmouth, MO 48544', '(01) 29353', 'patriciajackson@example.com', b'1', '2022-01-04 08:53:00', b'1'),
(101, 'Mrs. Bridget Friedman DDS', '49352 Bryan Hills Suite 376\r\nLake Erin, WV 70735', '0901-87205', 'herbert75@example.org', b'1', '2022-01-04 08:53:00', b'1'),
(102, 'Thomas Perry', '44903 Bates Shores Apt. 147\r\nNorth Scott, WV 57271', '01-6595033', 'andrewgriffin@example.org', b'1', '2022-01-04 08:53:00', b'1'),
(103, 'John Bridges', '488 Jesse Loop\r\nMarksfurt, ME 39287', '04-2080768', 'thomasandrew@example.com', b'1', '2022-01-04 08:53:00', b'1'),
(104, 'Adam Gonzalez', '9560 Joanna Hollow Apt. 037\r\nMyersville, NE 35997', '919533969', 'alexthomas@example.org', b'1', '2022-01-04 08:53:00', b'1'),
(105, 'Kelly Simmons', '7723 Miller Courts Suite 542\r\nSouth Samanthatown, AR 98420', '02 3544332', 'clementsdavid@example.org', b'1', '2022-01-04 08:53:00', b'1'),
(106, 'James Young', '40740 Padilla Highway Apt. 819\r\nBrownton, ID 14294', '03-8047216', 'njackson@example.org', b'1', '2022-01-04 08:53:00', b'1'),
(107, 'Mrs. Kimberly Ruiz', '386 Jones Branch\r\nNew Timmouth, TN 65301', '092 695490', 'mathew64@example.com', b'1', '2022-01-04 08:53:00', b'1'),
(108, 'Kylie Rhodes', '8712 Holland Pine Suite 321\r\nEast David, DE 04347', '04-5818888', 'deanna91@example.com', b'1', '2022-01-04 08:53:00', b'1'),
(109, 'Matthew Walsh', '8364 Elaine Cliff Suite 177\r\nLake Lisa, OK 63048', '971137066', 'bradnewton@example.net', b'1', '2022-01-04 08:53:00', b'1'),
(110, 'Edgar Hobbs', '02079 Ochoa Gateway Suite 555\r\nWest Anthony, SD 72542', '077 351462', 'francisco22@example.net', b'1', '2022-01-04 08:53:00', b'1'),
(111, 'Stephen Navarro', '15623 Burns Divide Apt. 029\r\nMurrayfurt, MA 84053', '0932-42373', 'daniel28@example.com', b'1', '2022-01-04 08:53:00', b'1'),
(112, 'Desiree Chavez', '6923 Thomas Isle\r\nNew Kimberly, NH 49296', '(07) 69615', 'jesusriley@example.org', b'1', '2022-01-04 08:53:00', b'1'),
(113, 'David Atkinson', '50636 Jennifer Falls Suite 174\r\nOwenshaven, AL 58760', '07 6750359', 'elizabethrice@example.org', b'1', '2022-01-04 08:53:00', b'1'),
(114, 'Julie Buchanan', '118 Ethan Union Suite 080\r\nFletcherview, DC 32663', '08 8145623', 'zjuarez@example.com', b'1', '2022-01-04 08:53:00', b'1'),
(115, 'Pamela Williams', '5800 Latoya Village\r\nStephanieburgh, NJ 84836', '(02) 22488', 'robertbryant@example.net', b'1', '2022-01-04 08:53:00', b'1'),
(116, 'Eric Ellis', '96792 Scott Gateway\r\nBakerbury, AK 17629', '05-2863878', 'juarezandrew@example.net', b'1', '2022-01-04 08:53:00', b'1'),
(117, 'Denise Benitez', '5277 Blankenship Junction Apt. 879\r\nWest Jacob, CO 25996', '(03) 16439', 'jbolton@example.net', b'1', '2022-01-04 08:53:00', b'1'),
(118, 'Dr. Carlos Wilkerson', '986 Ellis Harbor\r\nSouth Summerville, ND 60213', '0977-64030', 'dweber@example.com', b'1', '2022-01-04 08:53:00', b'1'),
(119, 'Johnny Yang', '177 Hines Avenue\r\nSchmidtshire, WY 65015', '00 1399815', 'robertgraves@example.org', b'1', '2022-01-04 08:53:00', b'1'),
(120, 'Christina Smith', '509 Wendy Dam Suite 677\r\nHeatherview, NY 60479', '0971-63616', 'hray@example.com', b'1', '2022-01-04 08:53:00', b'1'),
(121, 'Taylor Ward', 'Unit 3220 Box 4951\r\nDPO AA 70579', '022 818925', 'sstevenson@example.org', b'1', '2022-01-04 08:53:00', b'1'),
(122, 'Jonathan Evans', '797 Kimberly Meadows\r\nPort Roberttown, FL 90970', '934013532', 'lucas83@example.net', b'1', '2022-01-04 08:53:00', b'1'),
(123, 'Nancy Smith', '35294 Lisa Creek\r\nSouth Antonioberg, MT 68588', '0924-59679', 'raymondmahoney@example.com', b'1', '2022-01-04 08:53:00', b'1'),
(124, 'Jamie Ortiz', '8695 Karina Spring Suite 940\r\nLake Emilyview, VA 02195', '02-4352615', 'pachecotravis@example.org', b'1', '2022-01-04 08:53:00', b'1'),
(125, 'Michael Wells DDS', '6621 Bolton Station Apt. 150\r\nNorth Vanessaport, ME 16228', '0996-60534', 'kimberlycooper@example.org', b'1', '2022-01-04 08:53:00', b'1'),
(126, 'Holly Jacobs', '114 Price Locks\r\nPort Johnmouth, WY 18573', '0988-99803', 'jamiegreen@example.net', b'1', '2022-01-04 08:53:00', b'1'),
(127, 'Sarah Morris', '7510 Thomas Circles\r\nNorth Kathrynstad, IN 93276', '030 524767', 'tsmith@example.net', b'1', '2022-01-04 08:53:00', b'1'),
(128, 'Scott Stanton', '40670 Theresa Ford Apt. 886\r\nEast Michelle, WA 21890', '0998-39209', 'jessicamorton@example.net', b'1', '2022-01-04 08:53:00', b'1'),
(129, 'Richard Schneider', '532 Todd Spring\r\nLake Travismouth, NC 28853', '06-2217216', 'swillis@example.net', b'1', '2022-01-04 08:53:00', b'1'),
(130, 'Greg Shaffer', 'USNS Gillespie\r\nFPO AA 96893', '(06) 95920', 'mollynorris@example.org', b'1', '2022-01-04 08:53:00', b'1'),
(131, 'Michael Flores', '639 Kevin Ford\r\nCourtneybury, WY 36348', '00-7548828', 'richardmacdonald@example.com', b'1', '2022-01-04 08:53:00', b'1'),
(132, 'Brenda Lawrence', '06078 Jennifer Pass\r\nErinton, NV 46196', '08 6516875', 'hzamora@example.org', b'1', '2022-01-04 08:53:00', b'1'),
(133, 'Laurie Wise', '30716 Warner Crossroad Suite 903\r\nEast Rebecca, NH 85109', '(03) 29525', 'stephanie49@example.net', b'1', '2022-01-04 08:53:00', b'1'),
(134, 'Mary Ramos', '77106 Hudson Forest\r\nWest Javier, MI 84068', '094 531218', 'john50@example.com', b'1', '2022-01-04 08:53:00', b'1'),
(135, 'Gregory Johnson', '93146 Raymond Keys\r\nLake Patrickfort, FL 89958', '0919-91086', 'ryan44@example.net', b'1', '2022-01-04 08:53:00', b'1'),
(136, 'Erin Lopez', 'PSC 5990, Box 1354\r\nAPO AE 01388', '(09) 29113', 'jbutler@example.org', b'1', '2022-01-04 08:53:00', b'1'),
(137, 'Justin Jackson', '178 Sharon Keys\r\nEast Melissatown, MI 40921', '06-6687234', 'alexander93@example.org', b'1', '2022-01-04 08:53:00', b'1'),
(138, 'Christine Norton', '3554 Nicole Via\r\nWilsonchester, CT 31265', '(09) 96198', 'usteele@example.org', b'1', '2022-01-04 08:53:00', b'1'),
(139, 'Daniel Hodges', 'Unit 1319 Box 9314\r\nDPO AA 44823', '079 656803', 'tammyweiss@example.net', b'1', '2022-01-04 08:53:00', b'1'),
(140, 'Holly Brooks', '5537 Black Shoals Suite 664\r\nPhelpsville, MT 66853', '023 864270', 'teresa42@example.net', b'1', '2022-01-04 08:53:00', b'1'),
(141, 'Beth Lee', '88976 Joseph Centers\r\nCartermouth, CA 28350', '(05) 83849', 'efoster@example.net', b'1', '2022-01-04 08:53:00', b'1'),
(142, 'Robin Olsen', '30731 Ponce Flats Apt. 882\r\nSouth Lindahaven, IA 18785', '08-7949902', 'philiplewis@example.org', b'1', '2022-01-04 08:53:00', b'1'),
(143, 'Jacqueline Villegas', '013 Perry Locks\r\nJamiechester, NC 53727', '(09) 72301', 'adoyle@example.org', b'1', '2022-01-04 08:53:00', b'1'),
(144, 'Amanda Coffey', '27957 Rios Alley Apt. 272\r\nWest Maryfurt, ME 41651', '900863834', 'plopez@example.org', b'1', '2022-01-04 08:53:00', b'1'),
(145, 'Seth Nunez', '46575 Norman Pine Apt. 092\r\nChristophertown, WV 57375', '01-9001003', 'rachelblack@example.org', b'1', '2022-01-04 08:53:00', b'1'),
(146, 'Darius Mcmillan', '6189 Jennifer Estate\r\nMarshland, MD 89516', '049 203091', 'anthonyknight@example.org', b'1', '2022-01-04 08:53:00', b'1'),
(147, 'Sean Soto', '7096 Lopez Curve\r\nValenciafort, MA 01121', '057 415700', 'jonathan22@example.net', b'1', '2022-01-04 08:53:00', b'1'),
(148, 'Amanda Ortiz', '08225 Nguyen Landing Suite 827\r\nSouth Vicki, VT 65218', '012 955266', 'robin94@example.org', b'1', '2022-01-04 08:53:00', b'1'),
(149, 'Scott Keith', '3812 Roberts Lake\r\nWest Shane, HI 37718', '06 1415497', 'zpeters@example.net', b'1', '2022-01-04 08:53:00', b'1'),
(150, 'Ashley Evans', 'Unit 0260 Box 2762\r\nDPO AA 90481', '046 756723', 'stevemurray@example.com', b'1', '2022-01-04 08:53:00', b'1'),
(151, 'William King', '437 Karen Burg\r\nLake Richard, MA 44380', '00 1531426', 'kbaker@example.com', b'1', '2022-01-04 08:53:00', b'1'),
(152, 'Kylie Hays', 'PSC 8609, Box 6228\r\nAPO AP 84779', '908126373', 'brittney92@example.net', b'1', '2022-01-04 08:53:00', b'1'),
(153, 'Haley Mills', '1692 Lori Rapid Suite 868\r\nEast Darryl, AL 67749', '08-1961357', 'zreynolds@example.net', b'1', '2022-01-04 08:53:00', b'1'),
(154, 'Kristy Mathews', '7298 Paul Mall\r\nMorrisonview, NC 87489', '0916-71318', 'jgreene@example.net', b'1', '2022-01-04 08:53:00', b'1'),
(155, 'Denise Shaw', '394 Cruz Plain Apt. 489\r\nLake Charles, MI 83980', '(04) 33351', 'gsanchez@example.com', b'1', '2022-01-04 08:53:00', b'1'),
(156, 'Melanie Ramirez', 'PSC 6387, Box 1825\r\nAPO AA 40992', '06-2820437', 'jefferyhudson@example.com', b'1', '2022-01-04 08:53:00', b'1'),
(157, 'Michael Young', '01623 Tate Hollow\r\nDelacruzberg, NH 51357', '913970594', 'brewerchelsea@example.org', b'1', '2022-01-04 08:53:00', b'1'),
(158, 'Michael Wheeler', '3613 Ricky Bridge\r\nMelissaview, MT 02024', '(09) 85341', 'hannah36@example.org', b'1', '2022-01-04 08:53:00', b'1'),
(159, 'Emily Ramirez', '494 Nolan Fall Apt. 988\r\nNew Juliefort, CO 42815', '061 329351', 'jstevenson@example.net', b'1', '2022-01-04 08:53:00', b'1'),
(160, 'Joseph Anderson', '382 Gary Hill Suite 406\r\nTerryport, WV 58252', '915656200', 'travis49@example.net', b'1', '2022-01-04 08:53:00', b'1'),
(161, 'Sarah Williams', '6322 Patricia Mews\r\nEast Allisonstad, NH 45352', '935591892', 'zpatterson@example.com', b'1', '2022-01-04 08:53:00', b'1'),
(162, 'Mike Horton', '61347 Scott Ramp Suite 063\r\nFrankfurt, NJ 54181', '07-6064369', 'michaellawrence@example.net', b'1', '2022-01-04 08:53:00', b'1'),
(163, 'Ryan Allen', '18890 Mcguire Mall\r\nWest Joseph, VA 47668', '00-1581285', 'tammypeterson@example.net', b'1', '2022-01-04 08:53:00', b'1'),
(164, 'Melinda Taylor', '547 Patton Green Apt. 209\r\nPhillipschester, PA 31339', '09 6701965', 'braunbrian@example.org', b'1', '2022-01-04 08:53:00', b'1'),
(165, 'Charles Brown', '85951 Miller Course Suite 146\r\nRosschester, MI 97656', '994081232', 'kathleenyoder@example.org', b'1', '2022-01-04 08:53:00', b'1'),
(166, 'Russell Thomas', '64990 Hamilton Creek\r\nEast William, NV 02506', '051 933465', 'mitchellmicheal@example.org', b'1', '2022-01-04 08:53:00', b'1'),
(167, 'Stephen Paul', '36284 Dawson Cove Suite 599\r\nLake Briana, CA 54188', '094 680097', 'steven27@example.com', b'1', '2022-01-04 08:53:00', b'1'),
(168, 'Taylor Ramirez', '0101 Bailey Inlet\r\nEast Deborah, GA 27814', '06 5616212', 'markdougherty@example.com', b'1', '2022-01-04 08:53:00', b'1'),
(169, 'Nicholas Collins', '446 Leonard Prairie Apt. 275\r\nPort Luisfurt, DE 14785', '017 474996', 'jennamiller@example.net', b'1', '2022-01-04 08:53:00', b'1'),
(170, 'Joseph Price', '65714 Rhonda Light\r\nStricklandfort, MS 90955', '0928-62136', 'joebarton@example.net', b'1', '2022-01-04 08:53:00', b'1'),
(171, 'Diane Kennedy', '2162 Kevin Summit\r\nSouth Robertland, WA 94235', '03-7245371', 'jramirez@example.com', b'1', '2022-01-04 08:53:00', b'1'),
(172, 'Danielle Huber', '44803 Bryan Stream\r\nLake Christopher, NC 10077', '01-7536069', 'rebecca64@example.net', b'1', '2022-01-04 08:53:00', b'1'),
(173, 'Andrea Spence', '399 Mcgee Oval Suite 393\r\nSmithchester, MI 02644', '0936-64187', 'hjohnson@example.com', b'1', '2022-01-04 08:53:00', b'1'),
(174, 'Tracy Smith', '1759 Johnny Shores Suite 398\r\nRobinsonville, AR 98880', '04-6258263', 'xwilliams@example.org', b'1', '2022-01-04 08:53:00', b'1'),
(175, 'Angela Good', '19096 Lynn Springs Apt. 355\r\nMeltonchester, NC 53249', '03 7898555', 'umiller@example.net', b'1', '2022-01-04 08:53:00', b'1'),
(176, 'Roy Fitzpatrick', '97330 Neal Glen Suite 209\r\nEast Anthony, IA 98662', '0991-60323', 'moniqueallen@example.net', b'1', '2022-01-04 08:53:00', b'1'),
(177, 'Derrick Weaver', '564 Martinez Field Suite 955\r\nPort Michael, SC 40772', '05 1385594', 'fordjamie@example.net', b'1', '2022-01-04 08:53:00', b'1'),
(178, 'Sean Carson', 'PSC 7376, Box 6400\r\nAPO AA 77971', '930848694', 'patelbrian@example.org', b'1', '2022-01-04 08:53:00', b'1'),
(179, 'Donna Hawkins', '2901 Thomas Ports\r\nNorth Holly, TX 96689', '048 546383', 'robertrussell@example.org', b'1', '2022-01-04 08:53:00', b'1'),
(180, 'Ashley Lewis', '59010 Martin Neck Suite 249\r\nGrossland, AK 78478', '974876618', 'michaelperez@example.net', b'1', '2022-01-04 08:53:00', b'1'),
(181, 'Jennifer Gonzalez', '66343 Hunt Mission\r\nSouth David, IL 13756', '050 107539', 'fullermichael@example.org', b'1', '2022-01-04 08:53:00', b'1'),
(182, 'Holly Clark', '96191 Lee Parkway Apt. 757\r\nWest Shannon, IA 24697', '08-4843012', 'kristina86@example.net', b'1', '2022-01-04 08:53:00', b'1'),
(183, 'Jonathan Barnes', '3070 Jacob Street Apt. 765\r\nWest Mark, AR 22640', '(05) 37283', 'deleonjoseph@example.org', b'1', '2022-01-04 08:53:00', b'1'),
(184, 'Blake Jimenez', '89437 Joseph Extension Apt. 014\r\nSouth Linda, NY 33332', '(04) 15290', 'michaelmayer@example.org', b'1', '2022-01-04 08:53:00', b'1'),
(185, 'Christopher Mclean', '728 Mcpherson Lakes\r\nPort Danielville, SC 43198', '0999-27011', 'lisathompson@example.org', b'1', '2022-01-04 08:53:00', b'1'),
(186, 'Cheryl Jensen', '1050 Stephanie Drive\r\nPort Alanberg, NH 55707', '05 6261215', 'onunez@example.com', b'1', '2022-01-04 08:53:00', b'1'),
(187, 'Anna Velazquez', 'PSC 5774, Box 4586\r\nAPO AE 62712', '0952-32254', 'karina78@example.com', b'1', '2022-01-04 08:53:00', b'1'),
(188, 'Henry Bauer', '2042 Matthew Creek Suite 600\r\nNew Cheryl, VA 46778', '(03) 63109', 'hallcody@example.net', b'1', '2022-01-04 08:53:00', b'1'),
(189, 'April Russo', '9059 Alexis Club\r\nEwingborough, CA 41609', '00-8906781', 'fwhite@example.org', b'1', '2022-01-04 08:53:00', b'1'),
(190, 'Timothy Moore', '3687 Debbie Mount Suite 137\r\nLake Brandi, IA 44943', '08 9660163', 'arobinson@example.org', b'1', '2022-01-04 08:53:00', b'1'),
(191, 'Joshua White', '7347 Christopher Tunnel Suite 146\r\nEast Deannafort, CT 02219', '(02) 29741', 'aholland@example.com', b'1', '2022-01-04 08:53:00', b'1'),
(192, 'Paul Winters', '902 Tanya Ramp\r\nDeniseborough, ME 07093', '0988-24774', 'tricia84@example.net', b'1', '2022-01-04 08:53:00', b'1'),
(193, 'Mackenzie Pittman', '785 Sabrina Meadows Suite 121\r\nEast Robertshire, NC 99735', '06 9944935', 'rdaniels@example.org', b'1', '2022-01-04 08:53:00', b'1'),
(194, 'Angela Zuniga', '9900 Stokes Forks\r\nSouth Angelachester, DE 03840', '(05) 63448', 'fernandeztammy@example.net', b'1', '2022-01-04 08:53:00', b'1'),
(195, 'Seth Morgan', '22099 Sutton Greens Suite 606\r\nWest Bradley, NV 87736', '02 8858189', 'moralesjeremy@example.com', b'1', '2022-01-04 08:53:00', b'1'),
(196, 'Sharon Levy', '03971 Mccoy Crossing Apt. 566\r\nHarrisberg, RI 34915', '08-5844998', 'fordholly@example.com', b'1', '2022-01-04 08:53:00', b'1'),
(197, 'Mr. Brian Johnson MD', '18764 Alexander Forge\r\nMichaelburgh, NH 94867', '927311378', 'harrylee@example.com', b'1', '2022-01-04 08:53:00', b'1'),
(198, 'John Parker Jr.', '3994 Tina Village\r\nNew Chris, AR 24142', '(06) 71553', 'jennifermayer@example.com', b'1', '2022-01-04 08:53:00', b'1'),
(199, 'Mark Long', '724 Mitchell Glens\r\nRodriguezburgh, NC 12527', '05 6871750', 'michelle14@example.org', b'1', '2022-01-04 08:53:00', b'1'),
(200, 'Deborah Douglas', '09463 Vanessa Alley\r\nCohenburgh, IL 42220', '091 177801', 'tylerwiley@example.com', b'1', '2022-01-04 08:53:00', b'1'),
(201, 'Seth Ramirez', '62923 Andre Radial Suite 674\r\nEast Colleenville, NE 02248', '01-8811891', 'scottpaul@example.net', b'1', '2022-01-04 08:53:00', b'1'),
(202, 'Ashley Atkinson', '03732 Thomas Ridge Suite 770\r\nEast Douglasshire, ME 47186', '917279088', 'wwilson@example.net', b'1', '2022-01-04 08:53:00', b'1'),
(203, 'Anna Harper', '03308 Aaron Expressway Apt. 521\r\nLake Carlashire, FL 98974', '01-8301360', 'zwalsh@example.net', b'1', '2022-01-04 08:53:00', b'1'),
(204, 'Luis Daniel', '4316 Shannon Curve\r\nSouth Jenna, SC 25129', '09-2091179', 'camposcheryl@example.org', b'1', '2022-01-04 08:53:00', b'1'),
(205, 'Courtney Mcdaniel', 'USCGC Petty\r\nFPO AA 13546', '074 887416', 'garrettkylie@example.com', b'1', '2022-01-04 08:53:00', b'1'),
(206, 'Stephanie Byrd', 'Unit 3067 Box 5174\r\nDPO AE 82660', '07 8251648', 'lorimaddox@example.net', b'1', '2022-01-04 08:53:00', b'1'),
(207, 'Courtney Kennedy', '75521 Lewis Terrace\r\nNelsonfurt, SC 97878', '033 551772', 'sophiachavez@example.org', b'1', '2022-01-04 08:53:00', b'1'),
(208, 'James Hansen', 'USNV Joseph\r\nFPO AA 88848', '0952-18746', 'lisa57@example.org', b'1', '2022-01-04 08:53:00', b'1'),
(209, 'Dan Torres', '142 Williams Spur Suite 007\r\nSouth Glenn, NC 28569', '(00) 62842', 'younggarrett@example.org', b'1', '2022-01-04 08:53:00', b'1'),
(210, 'Lauren Thomas', '987 Key Burgs Suite 002\r\nNorth Derrick, IN 83338', '08 1200087', 'angelabernard@example.net', b'1', '2022-01-04 08:53:00', b'1'),
(211, 'Paige Harris', '11384 Moore Oval Suite 653\r\nBaileyshire, NC 79316', '0925-69771', 'josephillips@example.net', b'1', '2022-01-04 08:53:00', b'1'),
(212, 'Lisa Thompson', '347 Pearson Rapid Apt. 377\r\nMcdanielburgh, NM 69838', '03 7478805', 'jeanette39@example.com', b'1', '2022-01-04 08:53:00', b'1'),
(213, 'Gary Murillo DVM', '36999 Howard Branch Apt. 051\r\nMendezville, AZ 35269', '(00) 20899', 'odominguez@example.org', b'1', '2022-01-04 08:53:00', b'1'),
(214, 'Kristen Aguilar', '4078 Santos Plains Apt. 097\r\nNew Williamborough, ND 58391', '02 4029739', 'caldwellerin@example.org', b'1', '2022-01-04 08:53:00', b'1'),
(215, 'Daniel Gonzales', '8084 Foley Walk\r\nNorth Andrew, NC 93439', '(06) 36630', 'willismark@example.net', b'1', '2022-01-04 08:53:00', b'1'),
(216, 'Lisa Espinoza', '724 Lynn Walks Apt. 270\r\nSierraside, MT 11818', '0965-70202', 'micheleriley@example.org', b'1', '2022-01-04 08:53:00', b'1'),
(217, 'Natalie Wilkinson', '77480 Reed Keys\r\nAndersonland, HI 20630', '06 5927365', 'xdawson@example.org', b'1', '2022-01-04 08:53:00', b'1'),
(218, 'Anthony Johnston', '792 Amber Forks\r\nMichaelstad, UT 48681', '058 310694', 'stephenlane@example.org', b'1', '2022-01-04 08:53:00', b'1'),
(219, 'John Ellis', '368 Michael Fields\r\nNew Vanessashire, AK 43174', '922407527', 'williamsmichael@example.net', b'1', '2022-01-04 08:53:00', b'1'),
(220, 'Dakota James', '493 Joseph Cliffs Apt. 147\r\nKrystalside, UT 59357', '060 936892', 'stephen90@example.com', b'1', '2022-01-04 08:53:00', b'1'),
(221, 'Thomas Holland', '28061 Todd Brook\r\nJonesfort, MA 58397', '085 494519', 'ewingjoshua@example.com', b'1', '2022-01-04 08:53:00', b'1'),
(222, 'Ms. Chloe Smith', '7690 Roberts Common\r\nKnappchester, HI 09372', '0952-86086', 'maldonadostephanie@example.org', b'1', '2022-01-04 08:53:00', b'1'),
(223, 'Nicholas Doyle', '953 Miller Fork Suite 232\r\nNew Erika, IL 04743', '02 6992179', 'pallen@example.com', b'1', '2022-01-04 08:53:00', b'1'),
(224, 'Randall Thompson', 'PSC 0726, Box 0404\r\nAPO AA 69072', '01-5151506', 'turnerbryan@example.com', b'1', '2022-01-04 08:53:00', b'1'),
(225, 'Maria Johnson', '57231 Hansen Groves\r\nSouth Scott, IL 85965', '0928-14365', 'uward@example.com', b'1', '2022-01-04 08:53:00', b'1'),
(226, 'Katelyn Reed', '09291 Foster Station Apt. 996\r\nPort Johnborough, NM 55854', '(03) 25212', 'irhodes@example.net', b'1', '2022-01-04 08:53:00', b'1'),
(227, 'Jerry Clarke', '01450 Larry Islands\r\nMillerchester, OH 69814', '06-6232367', 'jacquelinearnold@example.com', b'1', '2022-01-04 08:53:00', b'1'),
(228, 'Sean Barber', '36738 Weiss Meadow Suite 447\r\nDonnahaven, MD 88491', '09-2148824', 'powellcaitlyn@example.com', b'1', '2022-01-04 08:53:00', b'1'),
(229, 'Michelle Miller', '542 Russell Camp\r\nCarterport, MN 37927', '043 726189', 'robert64@example.org', b'1', '2022-01-04 08:53:00', b'1'),
(230, 'Brian Rivera', '2240 Lacey Lakes Suite 517\r\nSouth Melanieberg, OH 28563', '0952-45084', 'browncharles@example.net', b'1', '2022-01-04 08:53:00', b'1'),
(231, 'Wayne Gomez', '69033 Cody Fields Suite 996\r\nPayneland, MD 37401', '933695444', 'mario02@example.org', b'1', '2022-01-04 08:53:00', b'1'),
(232, 'Cole Elliott', '6739 Julia Forge Apt. 279\r\nBlackwellbury, SC 04700', '0950-02629', 'nmccormick@example.net', b'1', '2022-01-04 08:53:00', b'1'),
(233, 'Jack Johnson', '251 Benson Stream\r\nEast Eric, TN 80792', '08-6944575', 'briancampbell@example.net', b'1', '2022-01-04 08:53:00', b'1'),
(234, 'James Olson', '32516 Phelps Springs Suite 301\r\nNorth Brianmouth, SC 63012', '05 4368005', 'robert69@example.net', b'1', '2022-01-04 08:53:00', b'1'),
(235, 'Dana Walker', '4712 Haney Drives Suite 999\r\nLake Pamela, NY 55233', '07-1476505', 'ryan31@example.com', b'1', '2022-01-04 08:53:00', b'1'),
(236, 'Timothy Villarreal Jr.', '90611 Goodman Spring\r\nAllenbury, HI 43440', '09 3167548', 'maryperez@example.org', b'1', '2022-01-04 08:53:00', b'1'),
(237, 'Darren Mason', '842 Odonnell Green\r\nEast Lisa, TN 96680', '0903-76019', 'larrywilliams@example.net', b'1', '2022-01-04 08:53:00', b'1'),
(238, 'Stephanie Payne', '36677 Jack Corner\r\nNew Jacobview, DE 87450', '(03) 75269', 'medinasandra@example.org', b'1', '2022-01-04 08:53:00', b'1'),
(239, 'Jared Lopez', 'PSC 0765, Box 8310\r\nAPO AE 20552', '07-3279054', 'catherinerowe@example.net', b'1', '2022-01-04 08:53:00', b'1'),
(240, 'Lisa Webb', '66535 Brown Trail\r\nMichaelfurt, OH 36857', '013 599917', 'punderwood@example.org', b'1', '2022-01-04 08:53:00', b'1'),
(241, 'Cheryl Martinez', '4321 Lisa Harbors\r\nNorth Elizabeth, NC 60783', '0960-13272', 'warrenbrittany@example.net', b'1', '2022-01-04 08:53:00', b'1'),
(242, 'Kelly Allen', '12013 Wilson Cape Suite 414\r\nWilliamland, NE 53626', '02-7004202', 'bakerkristopher@example.com', b'1', '2022-01-04 08:53:00', b'1'),
(243, 'William Morrison', '9457 Alexis Place Apt. 063\r\nLopeztown, KY 77042', '(06) 28267', 'wallrachel@example.com', b'1', '2022-01-04 08:53:00', b'1'),
(244, 'Veronica Edwards', '419 Nicole Viaduct\r\nJohnsonfort, NE 61509', '0960-66403', 'rachael55@example.net', b'1', '2022-01-04 08:53:00', b'1'),
(245, 'Jennifer Moreno DDS', '696 Marks Burgs Apt. 721\r\nJeremiahshire, TX 76028', '05 3926797', 'obrienstephen@example.org', b'1', '2022-01-04 08:53:00', b'1'),
(246, 'Jeffrey Wright', '730 Sharon Meadows\r\nLake Judithchester, MO 22577', '08-4378898', 'johnwise@example.net', b'1', '2022-01-04 08:53:00', b'1'),
(247, 'Richard Adams', '8048 Mccann Mount Suite 713\r\nSouth Kyleborough, IN 34489', '(05) 74369', 'qyork@example.com', b'1', '2022-01-04 08:53:00', b'1'),
(248, 'Patrick Patterson', '8300 Smith Canyon Apt. 199\r\nNew Mackenzie, NE 27779', '945655317', 'knoxjohn@example.com', b'1', '2022-01-04 08:53:00', b'1'),
(249, 'Debbie Vasquez', '16144 Anderson Dale\r\nWatsonville, SC 55138', '07 7245165', 'irodriguez@example.net', b'1', '2022-01-04 08:53:00', b'1'),
(250, 'Kristin Rice', '286 Charles Crest Apt. 169\r\nCooperborough, TX 22853', '07-1257079', 'jgreen@example.org', b'1', '2022-01-04 08:53:00', b'1'),
(251, 'Jennifer Cabrera', '92819 Cowan Walk Suite 682\r\nDickersonfort, ID 89471', '01-3991333', 'alexis12@example.net', b'1', '2022-01-04 08:53:00', b'1'),
(252, 'Amy Saunders', '4474 Adams Freeway Apt. 154\r\nWest Kayla, IN 86179', '04-5223110', 'kholder@example.com', b'1', '2022-01-04 08:53:00', b'1'),
(253, 'Tammy Peterson', '68470 Lopez Fork Apt. 731\r\nStevensonton, ND 94173', '07-3010894', 'adriandixon@example.net', b'1', '2022-01-04 08:53:00', b'1'),
(254, 'Anthony Arnold', '5753 Alexander View\r\nNorth Charles, SD 90540', '065 741132', 'brandonstout@example.com', b'1', '2022-01-04 08:53:00', b'1'),
(255, 'Lisa Estrada', '14574 Susan Club Apt. 302\r\nPort Laurenburgh, HI 90875', '016 431845', 'raymondrose@example.org', b'1', '2022-01-04 08:53:00', b'1'),
(256, 'Ashlee Chapman', '05454 Scott Vista\r\nZacharytown, ME 37160', '972027230', 'ashleyburton@example.org', b'1', '2022-01-04 08:53:00', b'1'),
(257, 'Louis Ramirez', '2025 Miller Plains\r\nPort Brandon, NC 21271', '0924-37223', 'tylergeorge@example.org', b'1', '2022-01-04 08:53:00', b'1'),
(258, 'Jasmine Mccormick', '04299 Perez Spurs Apt. 339\r\nDelgadostad, WA 37530', '05-8399230', 'ekelley@example.com', b'1', '2022-01-04 08:53:00', b'1'),
(259, 'Lucas Beck', '18178 Norman Extensions Suite 429\r\nBullockton, VT 27583', '907800458', 'elizabeth70@example.net', b'1', '2022-01-04 08:53:00', b'1'),
(260, 'Jesse Roach', '2205 Nicholas Crossroad\r\nLake Andrewfort, WY 54641', '032 688535', 'gmiller@example.com', b'1', '2022-01-04 08:53:00', b'1'),
(261, 'Brian Sheppard', '42873 Candice Square\r\nCaitlinfurt, NE 30307', '05-3496526', 'michaeldeleon@example.org', b'1', '2022-01-04 08:53:00', b'1'),
(262, 'Melvin Smith', '6850 Wanda Route\r\nJimtown, AZ 15451', '962632362', 'fmartin@example.org', b'1', '2022-01-04 08:53:00', b'1'),
(263, 'Leslie Wells', '58834 Kim Islands\r\nNew Casey, NM 51057', '07-1384220', 'littlelisa@example.org', b'1', '2022-01-04 08:53:00', b'1'),
(264, 'Jonathan Larson', '04196 Adam Island\r\nHarveyberg, CO 29942', '07 4419982', 'charlescobb@example.org', b'1', '2022-01-04 08:53:00', b'1'),
(265, 'Jenna Cobb', '867 Williams Island Suite 870\r\nBatesshire, IN 04949', '(07) 80668', 'randymarshall@example.org', b'1', '2022-01-04 08:53:00', b'1'),
(266, 'Heather Reid DVM', '26409 Travis Cape Apt. 792\r\nVictoriaberg, MD 29645', '01-6755369', 'jessica42@example.org', b'1', '2022-01-04 08:53:00', b'1'),
(267, 'Seth Green', '55986 Fowler Springs Suite 020\r\nPort Blaketon, KS 79872', '(03) 36995', 'markclark@example.net', b'1', '2022-01-04 08:53:00', b'1'),
(268, 'Lori Ware', 'Unit 0375 Box 9975\r\nDPO AE 41349', '(03) 36492', 'janicewilliams@example.com', b'1', '2022-01-04 08:53:00', b'1'),
(269, 'Anthony Thompson', '463 Michael Dale\r\nChelseatown, NY 29097', '0980-31130', 'knapprobert@example.org', b'1', '2022-01-04 08:53:00', b'1'),
(270, 'Crystal James', '411 Wilson Fall Apt. 719\r\nNew Amandastad, WY 10106', '09-6105479', 'christopher95@example.net', b'1', '2022-01-04 08:53:00', b'1'),
(271, 'Benjamin Larson', '802 Mayer Crossroad Apt. 546\r\nSouth Carolland, ID 28820', '0952-35473', 'usantana@example.com', b'1', '2022-01-04 08:53:00', b'1'),
(272, 'Hunter Hoffman', 'Unit 9951 Box 4586\r\nDPO AE 57951', '(01) 24513', 'smithroy@example.net', b'1', '2022-01-04 08:53:00', b'1'),
(273, 'Amanda Mullins', '30208 Eric Plaza\r\nReedview, OK 30045', '01-6496344', 'jonathan86@example.org', b'1', '2022-01-04 08:53:00', b'1'),
(274, 'Anne Walters', 'Unit 1110 Box 0731\r\nDPO AE 22768', '999398195', 'brownvincent@example.com', b'1', '2022-01-04 08:53:00', b'1'),
(275, 'Emily Hubbard', '80025 Roberts Key Apt. 996\r\nAaronton, WY 37827', '085 498484', 'oharris@example.com', b'1', '2022-01-04 08:53:00', b'1'),
(276, 'Laura Bradley', '4565 Clark Meadow\r\nZavalafurt, AK 13440', '(01) 63666', 'steven55@example.org', b'1', '2022-01-04 08:53:00', b'1'),
(277, 'Todd Jones', 'USNV Clark\r\nFPO AP 36878', '961943644', 'eduardo67@example.org', b'1', '2022-01-04 08:53:00', b'1'),
(278, 'Emily Watson', '892 Lawrence Port\r\nRodriguezberg, SD 99062', '08 7604872', 'nmitchell@example.org', b'1', '2022-01-04 08:53:00', b'1'),
(279, 'Lynn Ramirez', '53578 Santana Ridge Suite 819\r\nEast Dale, ID 19004', '062 692924', 'alexander11@example.net', b'1', '2022-01-04 08:53:00', b'1'),
(280, 'Chelsea Lee', '8706 Willis Inlet\r\nDanielhaven, OR 97303', '08-8145459', 'unguyen@example.net', b'1', '2022-01-04 08:53:00', b'1'),
(281, 'Stephanie Reynolds', '4466 Allen Shoal\r\nLake Michelleborough, TX 96795', '980044757', 'anthonyfitzpatrick@example.org', b'1', '2022-01-04 08:53:00', b'1'),
(282, 'Oscar Wagner', '818 Alexa Square\r\nRileyberg, ID 39963', '06 9715564', 'jacobsjohn@example.com', b'1', '2022-01-04 08:53:00', b'1'),
(283, 'Melissa Wang', '0941 Anthony Extensions\r\nPort Pedroberg, VT 99527', '0981-22525', 'stevensparks@example.com', b'1', '2022-01-04 08:53:00', b'1'),
(284, 'Natalie Gomez', '62831 Maria Glens Suite 370\r\nArmstrongside, TX 49452', '07-6538595', 'kfloyd@example.org', b'1', '2022-01-04 08:53:00', b'1'),
(285, 'Kevin Gallegos', '3669 Jennifer Harbors Suite 755\r\nCharlesberg, MT 38871', '0938-39104', 'fernandezmaria@example.com', b'1', '2022-01-04 08:53:00', b'1'),
(286, 'Anna Saunders', '36184 Mcdaniel Dam Suite 206\r\nEast Shawnfurt, OR 83122', '039 767874', 'hutchinsonnancy@example.net', b'1', '2022-01-04 08:53:00', b'1'),
(287, 'Travis Ferguson', '075 Charles Fork\r\nPort Michaelmouth, MO 66811', '0926-92559', 'rachel29@example.org', b'1', '2022-01-04 08:53:00', b'1'),
(288, 'Sherry Dennis', '26679 Patrick Ports\r\nNew Jessica, MA 32792', '0977-65396', 'kelly34@example.net', b'1', '2022-01-04 08:53:00', b'1'),
(289, 'Jacob Hill', '146 Shawna Via Suite 567\r\nLake Charles, NY 24147', '0959-47962', 'zvaldez@example.com', b'1', '2022-01-04 08:53:00', b'1'),
(290, 'Manuel Wright', '49504 Johnson Heights Apt. 357\r\nSouth Christopherland, SC 47780', '0911-87100', 'hansenbrenda@example.com', b'1', '2022-01-04 08:53:00', b'1'),
(291, 'Aaron Baker', 'Unit 4794 Box 4841\r\nDPO AA 19721', '902464392', 'sthomas@example.org', b'1', '2022-01-04 08:53:00', b'1'),
(292, 'Lindsay George', '22180 Jessica Port\r\nRickburgh, AZ 23031', '035 924956', 'iwilliams@example.net', b'1', '2022-01-04 08:53:00', b'1'),
(293, 'Kristina Curtis', '58492 Brandi Circle Apt. 755\r\nMyerston, TX 04004', '0979-33561', 'esoto@example.net', b'1', '2022-01-04 08:53:00', b'1'),
(294, 'Alyssa Roach', '14264 Grimes Loop Suite 070\r\nNew Joemouth, TN 14785', '0928-79979', 'jamesmorales@example.net', b'1', '2022-01-04 08:53:00', b'1'),
(295, 'Dr. Patrick Perez', 'USCGC Banks\r\nFPO AP 84623', '04-3551295', 'ernest93@example.com', b'1', '2022-01-04 08:53:00', b'1'),
(296, 'John Gutierrez', '927 Ronald Spurs\r\nSeanberg, RI 03000', '0949-27765', 'rayjulian@example.net', b'1', '2022-01-04 08:53:00', b'1'),
(297, 'Thomas Anderson', '345 Kendra Neck\r\nLake Sherylshire, ME 59078', '015 862767', 'kreyes@example.org', b'1', '2022-01-04 08:53:00', b'1'),
(298, 'Duane Copeland', '121 Berry Mews Apt. 488\r\nEast Megan, WA 61217', '0923-02177', 'davidbrown@example.net', b'1', '2022-01-04 08:53:00', b'1'),
(299, 'Shawn Andrade', '22638 Harvey Way Suite 924\r\nHurleychester, PA 71704', '00 4242796', 'taylorcarrie@example.com', b'1', '2022-01-04 08:53:00', b'1'),
(300, 'Michael Harris', 'Unit 3460 Box 7926\r\nDPO AE 48904', '069 952073', 'lopezcharles@example.net', b'1', '2022-01-04 08:53:00', b'1'),
(301, 'Steven Golden', '220 Lisa Motorway\r\nJoshuahaven, MT 95758', '01 1699446', 'marilyn14@example.net', b'1', '2022-01-04 08:53:00', b'1'),
(302, 'Jacob Jones', '044 Christina Circles Apt. 209\r\nAnthonymouth, NY 57520', '993938746', 'jsanchez@example.org', b'1', '2022-01-04 08:53:00', b'1'),
(303, 'Angela Salazar', '4454 Ballard Freeway Suite 623\r\nKevintown, OR 16410', '02 6542014', 'ashleydiaz@example.com', b'1', '2022-01-04 08:53:00', b'1'),
(304, 'Susan Stewart', '74666 Massey Mill\r\nPort Heather, CA 63708', '03 1460205', 'meganrichmond@example.net', b'1', '2022-01-04 08:53:00', b'1'),
(305, 'Scott Thompson', '03227 Amanda Crossroad\r\nNorth Kent, NH 31161', '025 916152', 'jennifergay@example.com', b'1', '2022-01-04 08:53:00', b'1'),
(306, 'Steven Christensen MD', '80665 Grant Lodge Apt. 843\r\nEast Patriciatown, WV 39085', '0960-18750', 'donnawells@example.org', b'1', '2022-01-04 08:53:00', b'1'),
(307, 'Joshua Sanchez', 'PSC 5916, Box 2729\r\nAPO AP 27222', '032 583779', 'paula81@example.org', b'1', '2022-01-04 08:53:00', b'1'),
(308, 'Lindsay Ramirez', '507 Simmons Glens Apt. 071\r\nBrooksmouth, NM 34685', '033 363472', 'lilaurie@example.org', b'1', '2022-01-04 08:53:00', b'1'),
(309, 'Leslie Chapman', 'USCGC Bradford\r\nFPO AP 33506', '01-2245148', 'jason25@example.net', b'1', '2022-01-04 08:53:00', b'1'),
(310, 'Isaiah Hill', '319 Lindsey Extension Apt. 706\r\nNathanside, OK 36145', '02 6413036', 'aholt@example.org', b'1', '2022-01-04 08:53:00', b'1'),
(311, 'Mrs. Julia Ryan', '22880 Jamie Pike Suite 299\r\nWest Michelle, DE 39734', '(04) 69701', 'bennettkenneth@example.com', b'1', '2022-01-04 08:53:00', b'1'),
(312, 'Jonathan Morgan', '18116 James Walks Apt. 028\r\nNew Juliaton, TN 94076', '991158596', 'charlesrodriguez@example.com', b'1', '2022-01-04 08:53:00', b'1'),
(313, 'Angela Hamilton', '862 Beltran Burg Suite 537\r\nNew Johnfort, TN 82527', '(00) 50886', 'john65@example.com', b'1', '2022-01-04 08:53:00', b'1'),
(314, 'Sarah Andrews', '37001 Karen Lights\r\nSouth Elizabeth, NJ 30022', '03-1097862', 'jennifer81@example.net', b'1', '2022-01-04 08:53:00', b'1'),
(315, 'Ashlee Foster', '0673 Michael Crest\r\nChristopherhaven, ID 03275', '050 671175', 'joelmoore@example.net', b'1', '2022-01-04 08:53:00', b'1'),
(316, 'Steve Hernandez', '39046 Frank Shores Apt. 679\r\nNorth Kellyhaven, MO 70187', '04-5096790', 'timothy65@example.net', b'1', '2022-01-04 08:53:00', b'1'),
(317, 'Jennifer Shelton', '533 Hill Grove\r\nCristianview, MO 68329', '06-8611873', 'wayne42@example.com', b'1', '2022-01-04 08:53:00', b'1'),
(318, 'Justin Mcdonald', '835 Justin Junctions Suite 966\r\nEast Carolynbury, VA 22185', '(04) 76497', 'dannyhahn@example.com', b'1', '2022-01-04 08:53:00', b'1'),
(319, 'Shawn Suarez', '563 Vasquez Camp Apt. 278\r\nPowersfort, VA 52881', '965950501', 'rroberson@example.org', b'1', '2022-01-04 08:53:00', b'1'),
(320, 'Lynn Fuller', '5210 Hansen Underpass Apt. 272\r\nSouth Jayburgh, WV 46639', '060 809936', 'xcallahan@example.org', b'1', '2022-01-04 08:53:00', b'1'),
(321, 'Dana Stewart', 'USCGC Taylor\r\nFPO AA 07547', '(09) 80732', 'walkerclayton@example.org', b'1', '2022-01-04 08:53:00', b'1'),
(322, 'Robert Haynes', '73015 Bell Oval Suite 392\r\nNew Josephburgh, KY 77579', '(04) 55761', 'thomas96@example.org', b'1', '2022-01-04 08:53:00', b'1'),
(323, 'Sharon Rios', '9648 Smith Flats\r\nWilsontown, CT 97589', '09-4191562', 'jeffreyclark@example.org', b'1', '2022-01-04 08:53:00', b'1'),
(324, 'Terry Baldwin', '627 Holden Union\r\nSpencerchester, WV 68964', '900029694', 'john61@example.net', b'1', '2022-01-04 08:53:00', b'1'),
(325, 'Thomas Simpson', '45182 Richardson Forge Suite 128\r\nEast Rubenchester, KS 17911', '00 4423013', 'nsanchez@example.net', b'1', '2022-01-04 08:53:00', b'1'),
(326, 'Zachary Boyer', '71678 Luke Passage\r\nParkerville, ID 43171', '05-7915020', 'gina38@example.net', b'1', '2022-01-04 08:53:00', b'1');

-- --------------------------------------------------------

--
-- 資料表結構 `material`
--

CREATE TABLE `material` (
  `M_ID` int(11) NOT NULL,
  `M_name` varchar(36) NOT NULL,
  `cost` int(11) NOT NULL,
  `stock` int(11) NOT NULL,
  `prepare_day` int(11) NOT NULL
) ENGINE=InnoDB DEFAULT CHARSET=utf8mb4;

--
-- 傾印資料表的資料 `material`
--

INSERT INTO `material` (`M_ID`, `M_name`, `cost`, `stock`, `prepare_day`) VALUES
(5, '豬肉', 40, 10, 5),
(6, '牛肉', 70, 11, 5),
(7, '面粉', 100, 9, 6),
(8, '雞肉', 50, 10, 6),
(9, '雞蛋', 10, 60, 4),
(10, '調味粉(鹽)', 20, 10, 6),
(11, '油', 15, 10, 3),
(12, '布料', 250, 10, 5),
(13, '青椒', 40, 10, 3),
(14, '花生醬', 90, 10, 5),
(15, '芝麻醬', 90, 10, 5),
(16, '薑', 50, 10, 7),
(17, '青蔥', 60, 10, 6),
(18, '蒜', 20, 10, 2);

-- --------------------------------------------------------

--
-- 資料表結構 `order`
--

CREATE TABLE `order` (
  `O_ID` int(11) NOT NULL,
  `C_ID` varchar(25) NOT NULL,
  `start_time` date NOT NULL,
  `end_time` date DEFAULT NULL,
  `comment` varchar(1000) DEFAULT NULL,
  `status` int(11) NOT NULL
) ENGINE=InnoDB DEFAULT CHARSET=utf8mb4;

--
-- 傾印資料表的資料 `order`
--

INSERT INTO `order` (`O_ID`, `C_ID`, `start_time`, `end_time`, `comment`, `status`) VALUES
(7, '1', '2022-01-04', '2022-01-04', '', 1),
(8, '1', '2022-01-04', '0000-00-00', '', 0),
(9, '66', '2021-01-05', '0000-00-00', '', 1),
(10, '182', '2021-01-06', '0000-00-00', '', 0),
(11, '121', '2021-01-07', '0000-00-00', '', 0),
(12, '61', '2021-01-08', '0000-00-00', '', 0),
(13, '141', '2021-01-08', '0000-00-00', '', 0),
(14, '231', '2021-01-10', '0000-00-00', '', 0),
(15, '270', '2021-01-10', '0000-00-00', '', 1),
(16, '100', '2021-01-11', '0000-00-00', '', 1),
(17, '69', '2021-01-12', '0000-00-00', '', 1),
(18, '258', '2021-01-14', '0000-00-00', '', 1),
(19, '156', '2021-01-14', '0000-00-00', '', 1),
(20, '258', '2021-01-15', '0000-00-00', '', 1),
(21, '195', '2021-01-16', '0000-00-00', '', 1),
(22, '108', '2021-01-17', '0000-00-00', '', 1),
(23, '104', '2021-01-17', '0000-00-00', '', 0),
(24, '307', '2021-01-17', '0000-00-00', '', 1),
(25, '91', '2021-01-17', '0000-00-00', '', 0),
(26, '39', '2021-01-17', '0000-00-00', '', 1),
(27, '316', '2021-01-17', '0000-00-00', '', 1),
(28, '291', '2021-01-19', '0000-00-00', '', 0),
(29, '140', '2021-01-19', '0000-00-00', '', 1),
(30, '267', '2021-01-19', '0000-00-00', '', 1),
(31, '203', '2021-01-19', '0000-00-00', '', 0),
(32, '114', '2021-01-20', '0000-00-00', '', 0),
(33, '60', '2021-01-21', '0000-00-00', '', 1),
(34, '268', '2021-01-22', '0000-00-00', '', 0),
(35, '211', '2021-01-23', '0000-00-00', '', 1),
(36, '215', '2021-01-23', '0000-00-00', '', 0),
(37, '233', '2021-01-24', '0000-00-00', '', 0),
(38, '49', '2021-01-24', '0000-00-00', '', 0),
(39, '290', '2021-01-24', '0000-00-00', '', 0),
(40, '247', '2021-01-24', '0000-00-00', '', 1),
(41, '222', '2021-01-24', '0000-00-00', '', 1),
(42, '53', '2021-01-25', '0000-00-00', '', 0),
(43, '80', '2021-01-25', '0000-00-00', '', 0),
(44, '53', '2021-01-26', '0000-00-00', '', 0),
(45, '284', '2021-01-29', '0000-00-00', '', 1),
(46, '110', '2021-01-30', '0000-00-00', '', 0),
(47, '200', '2021-01-31', '0000-00-00', '', 1),
(48, '221', '2021-01-31', '0000-00-00', '', 0),
(49, '305', '2021-01-31', '0000-00-00', '', 1),
(50, '67', '2021-01-31', '0000-00-00', '', 0),
(51, '104', '2021-01-31', '0000-00-00', '', 1),
(52, '208', '2021-01-31', '0000-00-00', '', 1),
(53, '95', '2021-02-01', '0000-00-00', '', 0),
(54, '77', '2021-02-01', '0000-00-00', '', 0),
(55, '99', '2021-02-02', '0000-00-00', '', 0),
(56, '88', '2021-02-03', '0000-00-00', '', 1),
(57, '247', '2021-02-03', '0000-00-00', '', 1),
(58, '64', '2021-02-04', '0000-00-00', '', 0),
(59, '228', '2021-02-04', '0000-00-00', '', 0),
(60, '256', '2021-02-06', '0000-00-00', '', 1),
(61, '294', '2021-02-06', '0000-00-00', '', 1),
(62, '159', '2021-02-07', '0000-00-00', '', 0),
(63, '304', '2021-02-08', '0000-00-00', '', 1),
(64, '137', '2021-02-09', '0000-00-00', '', 1),
(65, '165', '2021-02-09', '0000-00-00', '', 1),
(66, '132', '2021-02-09', '0000-00-00', '', 1),
(67, '212', '2021-02-09', '0000-00-00', '', 0),
(68, '93', '2021-02-10', '0000-00-00', '', 1),
(69, '203', '2021-02-10', '0000-00-00', '', 0),
(70, '175', '2021-02-11', '0000-00-00', '', 1),
(71, '121', '2021-02-12', '0000-00-00', '', 1),
(72, '36', '2021-02-12', '0000-00-00', '', 1),
(73, '44', '2021-02-13', '0000-00-00', '', 0),
(74, '198', '2021-02-14', '0000-00-00', '', 0),
(75, '114', '2021-02-15', '0000-00-00', '', 0),
(76, '113', '2021-02-15', '0000-00-00', '', 1),
(77, '65', '2021-02-15', '0000-00-00', '', 1),
(78, '245', '2021-02-16', '0000-00-00', '', 1),
(79, '319', '2021-02-16', '0000-00-00', '', 0),
(80, '300', '2021-02-17', '0000-00-00', '', 1),
(81, '64', '2021-02-17', '0000-00-00', '', 1),
(82, '75', '2021-02-18', '0000-00-00', '', 1),
(83, '189', '2021-02-19', '0000-00-00', '', 0),
(84, '59', '2021-02-22', '0000-00-00', '', 0),
(85, '298', '2021-02-22', '0000-00-00', '', 1),
(86, '289', '2021-02-26', '0000-00-00', '', 1),
(87, '266', '2021-02-26', '0000-00-00', '', 0),
(88, '218', '2021-02-26', '0000-00-00', '', 1),
(89, '193', '2021-02-27', '0000-00-00', '', 1),
(90, '303', '2021-02-27', '0000-00-00', '', 0),
(91, '68', '2021-02-27', '0000-00-00', '', 1),
(92, '316', '2021-02-27', '0000-00-00', '', 1),
(93, '219', '2021-02-28', '0000-00-00', '', 1),
(94, '243', '2021-02-28', '0000-00-00', '', 0),
(95, '184', '2021-02-28', '0000-00-00', '', 1),
(96, '48', '2021-03-01', '0000-00-00', '', 0),
(97, '246', '2021-03-02', '0000-00-00', '', 1),
(98, '274', '2021-03-04', '0000-00-00', '', 1),
(99, '170', '2021-03-04', '0000-00-00', '', 0),
(100, '175', '2021-03-05', '0000-00-00', '', 1),
(101, '157', '2021-03-05', '0000-00-00', '', 1),
(102, '309', '2021-03-07', '0000-00-00', '', 0),
(103, '101', '2021-03-07', '0000-00-00', '', 1),
(104, '202', '2021-03-07', '0000-00-00', '', 0),
(105, '77', '2021-03-08', '0000-00-00', '', 0),
(106, '119', '2021-03-08', '0000-00-00', '', 1),
(107, '141', '2021-03-08', '0000-00-00', '', 0),
(108, '196', '2021-03-09', '0000-00-00', '', 0),
(109, '297', '2021-03-10', '0000-00-00', '', 1),
(110, '130', '2021-03-10', '0000-00-00', '', 1),
(111, '37', '2021-03-10', '0000-00-00', '', 1),
(112, '132', '2021-03-12', '0000-00-00', '', 1),
(113, '241', '2021-03-12', '0000-00-00', '', 1),
(114, '164', '2021-03-12', '0000-00-00', '', 1),
(115, '304', '2021-03-12', '0000-00-00', '', 1),
(116, '138', '2021-03-13', '0000-00-00', '', 0),
(117, '158', '2021-03-13', '0000-00-00', '', 0),
(118, '314', '2021-03-14', '0000-00-00', '', 1),
(119, '319', '2021-03-14', '0000-00-00', '', 0),
(120, '235', '2021-03-14', '0000-00-00', '', 1),
(121, '155', '2021-03-14', '0000-00-00', '', 1),
(122, '186', '2021-03-15', '0000-00-00', '', 0),
(123, '70', '2021-03-16', '0000-00-00', '', 0),
(124, '209', '2021-03-17', '0000-00-00', '', 0),
(125, '167', '2021-03-18', '0000-00-00', '', 0),
(126, '54', '2021-03-18', '0000-00-00', '', 1),
(127, '285', '2021-03-19', '0000-00-00', '', 0),
(128, '214', '2021-03-19', '0000-00-00', '', 1),
(129, '221', '2021-03-20', '0000-00-00', '', 0),
(130, '233', '2021-03-20', '0000-00-00', '', 1),
(131, '140', '2021-03-21', '0000-00-00', '', 0),
(132, '39', '2021-03-22', '0000-00-00', '', 0),
(133, '276', '2021-03-22', '0000-00-00', '', 1),
(134, '239', '2021-03-23', '0000-00-00', '', 1),
(135, '77', '2021-03-23', '0000-00-00', '', 0),
(136, '190', '2021-03-23', '0000-00-00', '', 1),
(137, '183', '2021-03-23', '0000-00-00', '', 1),
(138, '262', '2021-03-24', '0000-00-00', '', 0),
(139, '88', '2021-03-25', '0000-00-00', '', 0),
(140, '284', '2021-03-25', '0000-00-00', '', 1),
(141, '223', '2021-03-28', '0000-00-00', '', 1),
(142, '325', '2021-03-29', '0000-00-00', '', 0),
(143, '215', '2021-03-29', '0000-00-00', '', 0),
(144, '110', '2021-03-30', '0000-00-00', '', 1),
(145, '194', '2021-03-30', '0000-00-00', '', 1),
(146, '323', '2021-03-31', '0000-00-00', '', 1),
(147, '110', '2021-04-01', '0000-00-00', '', 0),
(148, '173', '2021-04-02', '0000-00-00', '', 1),
(149, '34', '2021-04-02', '0000-00-00', '', 0),
(150, '161', '2021-04-04', '0000-00-00', '', 1),
(151, '223', '2021-04-05', '0000-00-00', '', 0),
(152, '283', '2021-04-05', '0000-00-00', '', 1),
(153, '177', '2021-04-06', '0000-00-00', '', 0),
(154, '100', '2021-04-06', '0000-00-00', '', 1),
(155, '95', '2021-04-08', '0000-00-00', '', 0),
(156, '122', '2021-04-08', '0000-00-00', '', 0),
(157, '221', '2021-04-09', '0000-00-00', '', 0),
(158, '110', '2021-04-09', '0000-00-00', '', 0),
(159, '122', '2021-04-11', '0000-00-00', '', 0),
(160, '223', '2021-04-11', '0000-00-00', '', 1),
(161, '90', '2021-04-11', '0000-00-00', '', 0),
(162, '148', '2021-04-11', '0000-00-00', '', 0),
(163, '295', '2021-04-12', '0000-00-00', '', 0),
(164, '283', '2021-04-13', '0000-00-00', '', 0),
(165, '76', '2021-04-13', '0000-00-00', '', 0),
(166, '200', '2021-04-14', '0000-00-00', '', 0),
(167, '33', '2021-04-15', '0000-00-00', '', 0),
(168, '186', '2021-04-15', '0000-00-00', '', 0),
(169, '198', '2021-04-15', '0000-00-00', '', 0),
(170, '102', '2021-04-16', '0000-00-00', '', 0),
(171, '304', '2021-04-17', '0000-00-00', '', 0),
(172, '50', '2021-04-17', '0000-00-00', '', 1),
(173, '295', '2021-04-18', '0000-00-00', '', 1),
(174, '107', '2021-04-18', '0000-00-00', '', 1),
(175, '201', '2021-04-19', '0000-00-00', '', 0),
(176, '52', '2021-04-19', '0000-00-00', '', 0),
(177, '50', '2021-04-20', '0000-00-00', '', 0),
(178, '63', '2021-04-20', '0000-00-00', '', 0),
(179, '242', '2021-04-21', '0000-00-00', '', 0),
(180, '247', '2021-04-22', '0000-00-00', '', 1),
(181, '277', '2021-04-23', '0000-00-00', '', 0),
(182, '135', '2021-04-24', '0000-00-00', '', 0),
(183, '132', '2021-04-25', '0000-00-00', '', 1),
(184, '186', '2021-04-26', '0000-00-00', '', 1),
(185, '162', '2021-04-26', '0000-00-00', '', 0),
(186, '273', '2021-04-27', '0000-00-00', '', 0),
(187, '291', '2021-04-27', '0000-00-00', '', 1),
(188, '88', '2021-04-28', '0000-00-00', '', 1),
(189, '82', '2021-04-28', '0000-00-00', '', 0),
(190, '314', '2021-05-01', '0000-00-00', '', 0),
(191, '130', '2021-05-02', '0000-00-00', '', 0),
(192, '279', '2021-05-04', '0000-00-00', '', 0),
(193, '139', '2021-05-04', '0000-00-00', '', 0),
(194, '126', '2021-05-06', '0000-00-00', '', 1),
(195, '307', '2021-05-07', '0000-00-00', '', 1),
(196, '169', '2021-05-07', '0000-00-00', '', 1),
(197, '249', '2021-05-08', '0000-00-00', '', 0),
(198, '52', '2021-05-08', '0000-00-00', '', 1),
(199, '273', '2021-05-09', '0000-00-00', '', 1),
(200, '177', '2021-05-10', '0000-00-00', '', 1),
(201, '128', '2021-05-10', '0000-00-00', '', 0),
(202, '195', '2021-05-11', '0000-00-00', '', 0),
(203, '109', '2021-05-11', '0000-00-00', '', 0),
(204, '177', '2021-05-12', '0000-00-00', '', 1),
(205, '290', '2021-05-13', '0000-00-00', '', 0),
(206, '263', '2021-05-13', '0000-00-00', '', 0),
(207, '263', '2021-05-16', '0000-00-00', '', 1),
(208, '46', '2021-05-16', '0000-00-00', '', 0),
(209, '158', '2021-05-17', '0000-00-00', '', 0),
(210, '206', '2021-05-17', '0000-00-00', '', 1),
(211, '63', '2021-05-17', '0000-00-00', '', 0),
(212, '37', '2021-05-18', '0000-00-00', '', 1),
(213, '186', '2021-05-18', '0000-00-00', '', 0),
(214, '93', '2021-05-18', '0000-00-00', '', 1),
(215, '99', '2021-05-18', '0000-00-00', '', 0),
(216, '296', '2021-05-19', '0000-00-00', '', 0),
(217, '44', '2021-05-21', '0000-00-00', '', 0),
(218, '295', '2021-05-22', '0000-00-00', '', 0),
(219, '209', '2021-05-24', '0000-00-00', '', 1),
(220, '238', '2021-05-24', '0000-00-00', '', 0),
(221, '287', '2021-05-25', '0000-00-00', '', 0),
(222, '292', '2021-05-26', '0000-00-00', '', 0),
(223, '284', '2021-05-26', '0000-00-00', '', 1),
(224, '48', '2021-05-27', '0000-00-00', '', 1),
(225, '136', '2021-05-27', '0000-00-00', '', 0),
(226, '316', '2021-05-29', '0000-00-00', '', 1),
(227, '146', '2021-05-30', '0000-00-00', '', 1),
(228, '121', '2021-05-31', '0000-00-00', '', 0),
(229, '27', '2021-06-01', '0000-00-00', '', 1),
(230, '257', '2021-06-02', '0000-00-00', '', 1),
(231, '302', '2021-06-02', '0000-00-00', '', 1),
(232, '86', '2021-06-04', '0000-00-00', '', 0),
(233, '176', '2021-06-05', '0000-00-00', '', 0),
(234, '120', '2021-06-05', '0000-00-00', '', 1),
(235, '319', '2021-06-05', '0000-00-00', '', 1),
(236, '189', '2021-06-05', '0000-00-00', '', 1),
(237, '58', '2021-06-05', '0000-00-00', '', 1),
(238, '310', '2021-06-06', '0000-00-00', '', 1),
(239, '226', '2021-06-06', '0000-00-00', '', 0),
(240, '220', '2021-06-07', '0000-00-00', '', 0),
(241, '293', '2021-06-07', '0000-00-00', '', 1),
(242, '287', '2021-06-09', '0000-00-00', '', 0),
(243, '191', '2021-06-09', '0000-00-00', '', 1),
(244, '242', '2021-06-09', '0000-00-00', '', 0),
(245, '266', '2021-06-10', '0000-00-00', '', 1),
(246, '52', '2021-06-11', '0000-00-00', '', 0),
(247, '92', '2021-06-11', '0000-00-00', '', 1),
(248, '118', '2021-06-11', '0000-00-00', '', 1),
(249, '221', '2021-06-12', '0000-00-00', '', 0),
(250, '222', '2021-06-12', '0000-00-00', '', 1),
(251, '43', '2021-06-13', '0000-00-00', '', 0),
(252, '178', '2021-06-15', '0000-00-00', '', 0),
(253, '133', '2021-06-15', '0000-00-00', '', 1),
(254, '151', '2021-06-15', '0000-00-00', '', 0),
(255, '93', '2021-06-15', '0000-00-00', '', 0),
(256, '105', '2021-06-16', '0000-00-00', '', 0),
(257, '55', '2021-06-16', '0000-00-00', '', 0),
(258, '135', '2021-06-16', '0000-00-00', '', 0),
(259, '296', '2021-06-17', '0000-00-00', '', 0),
(260, '150', '2021-06-17', '0000-00-00', '', 1),
(261, '209', '2021-06-17', '0000-00-00', '', 0),
(262, '107', '2021-06-17', '0000-00-00', '', 0),
(263, '274', '2021-06-18', '0000-00-00', '', 0),
(264, '128', '2021-06-18', '0000-00-00', '', 1),
(265, '150', '2021-06-18', '0000-00-00', '', 0),
(266, '260', '2021-06-19', '0000-00-00', '', 1),
(267, '248', '2021-06-20', '0000-00-00', '', 1),
(268, '111', '2021-06-20', '0000-00-00', '', 1),
(269, '320', '2021-06-21', '0000-00-00', '', 1),
(270, '309', '2021-06-22', '0000-00-00', '', 0),
(271, '66', '2021-06-22', '0000-00-00', '', 0),
(272, '163', '2021-06-22', '0000-00-00', '', 0),
(273, '295', '2021-06-22', '0000-00-00', '', 0),
(274, '78', '2021-06-22', '0000-00-00', '', 0),
(275, '133', '2021-06-23', '0000-00-00', '', 1),
(276, '243', '2021-06-23', '0000-00-00', '', 0),
(277, '27', '2021-06-23', '0000-00-00', '', 0),
(278, '295', '2021-06-23', '0000-00-00', '', 0),
(279, '170', '2021-06-24', '0000-00-00', '', 0),
(280, '151', '2021-06-24', '0000-00-00', '', 0),
(281, '241', '2021-06-24', '0000-00-00', '', 1),
(282, '33', '2021-06-25', '0000-00-00', '', 0),
(283, '55', '2021-06-25', '0000-00-00', '', 1),
(284, '255', '2021-06-26', '0000-00-00', '', 0),
(285, '151', '2021-06-27', '0000-00-00', '', 0),
(286, '308', '2021-06-28', '0000-00-00', '', 0),
(287, '119', '2021-06-29', '0000-00-00', '', 0),
(288, '311', '2021-06-30', '0000-00-00', '', 0),
(289, '288', '2021-07-01', '0000-00-00', '', 0),
(290, '206', '2021-07-01', '0000-00-00', '', 0),
(291, '30', '2021-07-01', '0000-00-00', '', 1),
(292, '176', '2021-07-02', '0000-00-00', '', 1),
(293, '72', '2021-07-03', '0000-00-00', '', 1),
(294, '86', '2021-07-05', '0000-00-00', '', 1),
(295, '138', '2021-07-05', '0000-00-00', '', 0),
(296, '308', '2021-07-06', '0000-00-00', '', 0),
(297, '81', '2021-07-06', '0000-00-00', '', 0),
(298, '118', '2021-07-07', '0000-00-00', '', 1),
(299, '300', '2021-07-07', '0000-00-00', '', 1),
(300, '47', '2021-07-09', '0000-00-00', '', 1),
(301, '278', '2021-07-09', '0000-00-00', '', 1),
(302, '179', '2021-07-10', '0000-00-00', '', 1),
(303, '243', '2021-07-10', '0000-00-00', '', 0),
(304, '110', '2021-07-10', '0000-00-00', '', 0),
(305, '195', '2021-07-11', '0000-00-00', '', 1),
(306, '277', '2021-07-14', '0000-00-00', '', 0),
(307, '91', '2021-07-14', '0000-00-00', '', 1),
(308, '270', '2021-07-15', '0000-00-00', '', 0),
(309, '190', '2021-07-16', '0000-00-00', '', 0),
(310, '238', '2021-07-16', '0000-00-00', '', 1),
(311, '96', '2021-07-16', '0000-00-00', '', 0),
(312, '127', '2021-07-20', '0000-00-00', '', 0),
(313, '125', '2021-07-21', '0000-00-00', '', 0),
(314, '262', '2021-07-21', '0000-00-00', '', 0),
(315, '58', '2021-07-21', '0000-00-00', '', 1),
(316, '33', '2021-07-22', '0000-00-00', '', 1),
(317, '41', '2021-07-22', '0000-00-00', '', 0),
(318, '278', '2021-07-23', '0000-00-00', '', 1),
(319, '299', '2021-07-24', '0000-00-00', '', 1),
(320, '178', '2021-07-24', '0000-00-00', '', 0),
(321, '72', '2021-07-24', '0000-00-00', '', 1),
(322, '136', '2021-07-25', '0000-00-00', '', 1),
(323, '238', '2021-07-25', '0000-00-00', '', 0),
(324, '164', '2021-07-25', '0000-00-00', '', 0),
(325, '288', '2021-07-26', '0000-00-00', '', 1),
(326, '246', '2021-07-27', '0000-00-00', '', 0),
(327, '81', '2021-07-29', '0000-00-00', '', 1),
(328, '229', '2021-07-29', '0000-00-00', '', 0),
(329, '251', '2021-07-31', '0000-00-00', '', 1),
(330, '164', '2021-08-01', '0000-00-00', '', 1),
(331, '116', '2021-08-01', '0000-00-00', '', 1),
(332, '86', '2021-08-01', '0000-00-00', '', 1),
(333, '199', '2021-08-02', '0000-00-00', '', 1),
(334, '139', '2021-08-02', '0000-00-00', '', 1),
(335, '64', '2021-08-03', '0000-00-00', '', 1),
(336, '170', '2021-08-03', '0000-00-00', '', 0),
(337, '305', '2021-08-03', '0000-00-00', '', 1),
(338, '240', '2021-08-04', '0000-00-00', '', 1),
(339, '182', '2021-08-06', '0000-00-00', '', 1),
(340, '139', '2021-08-06', '0000-00-00', '', 1),
(341, '27', '2021-08-06', '0000-00-00', '', 1),
(342, '275', '2021-08-06', '0000-00-00', '', 0),
(343, '130', '2021-08-07', '0000-00-00', '', 1),
(344, '199', '2021-08-07', '0000-00-00', '', 1),
(345, '106', '2021-08-08', '0000-00-00', '', 0),
(346, '302', '2021-08-08', '0000-00-00', '', 0),
(347, '318', '2021-08-09', '0000-00-00', '', 0),
(348, '132', '2021-08-09', '0000-00-00', '', 1),
(349, '129', '2021-08-09', '0000-00-00', '', 0),
(350, '188', '2021-08-10', '0000-00-00', '', 1),
(351, '94', '2021-08-11', '0000-00-00', '', 0),
(352, '254', '2021-08-11', '0000-00-00', '', 1),
(353, '100', '2021-08-13', '0000-00-00', '', 0),
(354, '77', '2021-08-13', '0000-00-00', '', 1),
(355, '182', '2021-08-13', '0000-00-00', '', 1),
(356, '272', '2021-08-13', '0000-00-00', '', 0),
(357, '284', '2021-08-15', '0000-00-00', '', 1),
(358, '49', '2021-08-16', '0000-00-00', '', 0),
(359, '40', '2021-08-17', '0000-00-00', '', 1),
(360, '157', '2021-08-17', '0000-00-00', '', 1),
(361, '225', '2021-08-17', '0000-00-00', '', 1),
(362, '82', '2021-08-19', '0000-00-00', '', 0),
(363, '157', '2021-08-19', '0000-00-00', '', 0),
(364, '176', '2021-08-19', '0000-00-00', '', 1),
(365, '118', '2021-08-19', '0000-00-00', '', 1),
(366, '179', '2021-08-20', '0000-00-00', '', 0),
(367, '203', '2021-08-20', '0000-00-00', '', 0),
(368, '64', '2021-08-20', '0000-00-00', '', 0),
(369, '106', '2021-08-21', '0000-00-00', '', 0),
(370, '264', '2021-08-23', '0000-00-00', '', 0),
(371, '151', '2021-08-23', '0000-00-00', '', 0),
(372, '142', '2021-08-24', '0000-00-00', '', 0),
(373, '84', '2021-08-24', '0000-00-00', '', 1),
(374, '61', '2021-08-24', '0000-00-00', '', 1),
(375, '247', '2021-08-24', '0000-00-00', '', 1),
(376, '316', '2021-08-24', '0000-00-00', '', 1),
(377, '318', '2021-08-25', '0000-00-00', '', 0),
(378, '324', '2021-08-26', '0000-00-00', '', 0),
(379, '160', '2021-08-26', '0000-00-00', '', 1),
(380, '82', '2021-08-28', '0000-00-00', '', 1),
(381, '318', '2021-08-29', '0000-00-00', '', 0),
(382, '248', '2021-08-30', '0000-00-00', '', 0),
(383, '304', '2021-09-01', '0000-00-00', '', 0),
(384, '105', '2021-09-02', '0000-00-00', '', 0),
(385, '305', '2021-09-02', '0000-00-00', '', 0),
(386, '60', '2021-09-04', '0000-00-00', '', 0),
(387, '143', '2021-09-04', '0000-00-00', '', 0),
(388, '56', '2021-09-05', '0000-00-00', '', 1),
(389, '52', '2021-09-05', '0000-00-00', '', 0),
(390, '297', '2021-09-06', '0000-00-00', '', 1),
(391, '222', '2021-09-07', '0000-00-00', '', 1),
(392, '104', '2021-09-07', '0000-00-00', '', 0),
(393, '55', '2021-09-07', '0000-00-00', '', 1),
(394, '256', '2021-09-08', '0000-00-00', '', 1),
(395, '68', '2021-09-09', '0000-00-00', '', 1),
(396, '313', '2021-09-09', '0000-00-00', '', 1),
(397, '233', '2021-09-10', '0000-00-00', '', 1),
(398, '222', '2021-09-10', '0000-00-00', '', 0),
(399, '252', '2021-09-10', '0000-00-00', '', 0),
(400, '252', '2021-09-10', '0000-00-00', '', 1),
(401, '41', '2021-09-10', '0000-00-00', '', 1),
(402, '187', '2021-09-12', '0000-00-00', '', 1),
(403, '191', '2021-09-12', '0000-00-00', '', 0),
(404, '59', '2021-09-12', '0000-00-00', '', 0),
(405, '254', '2021-09-13', '0000-00-00', '', 0),
(406, '321', '2021-09-13', '0000-00-00', '', 0),
(407, '177', '2021-09-13', '0000-00-00', '', 1),
(408, '294', '2021-09-13', '0000-00-00', '', 1),
(409, '210', '2021-09-13', '0000-00-00', '', 1),
(410, '217', '2021-09-14', '0000-00-00', '', 0),
(411, '246', '2021-09-14', '0000-00-00', '', 1),
(412, '173', '2021-09-14', '0000-00-00', '', 1),
(413, '154', '2021-09-14', '0000-00-00', '', 1),
(414, '62', '2021-09-15', '0000-00-00', '', 0),
(415, '152', '2021-09-15', '0000-00-00', '', 1),
(416, '102', '2021-09-16', '0000-00-00', '', 1),
(417, '99', '2021-09-16', '0000-00-00', '', 1),
(418, '177', '2021-09-17', '0000-00-00', '', 1),
(419, '211', '2021-09-17', '0000-00-00', '', 1),
(420, '145', '2021-09-17', '0000-00-00', '', 0),
(421, '257', '2021-09-18', '0000-00-00', '', 0),
(422, '307', '2021-09-18', '0000-00-00', '', 1),
(423, '293', '2021-09-18', '0000-00-00', '', 0),
(424, '36', '2021-09-18', '0000-00-00', '', 0),
(425, '94', '2021-09-19', '0000-00-00', '', 0),
(426, '136', '2021-09-19', '0000-00-00', '', 1),
(427, '71', '2021-09-21', '0000-00-00', '', 0),
(428, '32', '2021-09-21', '0000-00-00', '', 0),
(429, '121', '2021-09-22', '0000-00-00', '', 1),
(430, '27', '2021-09-22', '0000-00-00', '', 0),
(431, '162', '2021-09-22', '0000-00-00', '', 0),
(432, '268', '2021-09-22', '0000-00-00', '', 0),
(433, '136', '2021-09-22', '0000-00-00', '', 1),
(434, '203', '2021-09-23', '0000-00-00', '', 0),
(435, '65', '2021-09-24', '0000-00-00', '', 0),
(436, '214', '2021-09-24', '0000-00-00', '', 1),
(437, '252', '2021-09-24', '0000-00-00', '', 1),
(438, '213', '2021-09-26', '0000-00-00', '', 0),
(439, '258', '2021-09-26', '0000-00-00', '', 1),
(440, '108', '2021-09-26', '0000-00-00', '', 1),
(441, '218', '2021-09-27', '0000-00-00', '', 0),
(442, '30', '2021-09-27', '0000-00-00', '', 1),
(443, '266', '2021-09-29', '0000-00-00', '', 0),
(444, '270', '2021-09-29', '0000-00-00', '', 1),
(445, '224', '2021-09-30', '0000-00-00', '', 1),
(446, '28', '2021-09-30', '0000-00-00', '', 0),
(447, '233', '2021-09-30', '0000-00-00', '', 0),
(448, '71', '2021-09-30', '0000-00-00', '', 0),
(449, '197', '2021-10-01', '0000-00-00', '', 0),
(450, '248', '2021-10-02', '0000-00-00', '', 1),
(451, '152', '2021-10-03', '0000-00-00', '', 0),
(452, '45', '2021-10-03', '0000-00-00', '', 0),
(453, '221', '2021-10-03', '0000-00-00', '', 0),
(454, '325', '2021-10-04', '0000-00-00', '', 1),
(455, '81', '2021-10-04', '0000-00-00', '', 1),
(456, '212', '2021-10-04', '0000-00-00', '', 1),
(457, '136', '2021-10-06', '0000-00-00', '', 1),
(458, '287', '2021-10-06', '0000-00-00', '', 0),
(459, '102', '2021-10-06', '0000-00-00', '', 1),
(460, '166', '2021-10-07', '0000-00-00', '', 0),
(461, '72', '2021-10-08', '0000-00-00', '', 0),
(462, '184', '2021-10-08', '0000-00-00', '', 1),
(463, '223', '2021-10-10', '0000-00-00', '', 0),
(464, '251', '2021-10-10', '0000-00-00', '', 0),
(465, '58', '2021-10-10', '0000-00-00', '', 1),
(466, '160', '2021-10-10', '0000-00-00', '', 0),
(467, '233', '2021-10-11', '0000-00-00', '', 1),
(468, '125', '2021-10-13', '0000-00-00', '', 0),
(469, '152', '2021-10-13', '0000-00-00', '', 0),
(470, '82', '2021-10-13', '0000-00-00', '', 0),
(471, '184', '2021-10-14', '0000-00-00', '', 1),
(472, '60', '2021-10-14', '0000-00-00', '', 1),
(473, '266', '2021-10-15', '0000-00-00', '', 1),
(474, '168', '2021-10-15', '0000-00-00', '', 0),
(475, '297', '2021-10-16', '0000-00-00', '', 1),
(476, '201', '2021-10-17', '0000-00-00', '', 1),
(477, '76', '2021-10-17', '0000-00-00', '', 1),
(478, '200', '2021-10-18', '0000-00-00', '', 1),
(479, '165', '2021-10-20', '0000-00-00', '', 0),
(480, '235', '2021-10-22', '0000-00-00', '', 1),
(481, '57', '2021-10-23', '0000-00-00', '', 1),
(482, '54', '2021-10-23', '0000-00-00', '', 0),
(483, '189', '2021-10-23', '0000-00-00', '', 0),
(484, '27', '2021-10-25', '0000-00-00', '', 0),
(485, '193', '2021-10-25', '0000-00-00', '', 1),
(486, '273', '2021-10-26', '0000-00-00', '', 1),
(487, '69', '2021-10-26', '0000-00-00', '', 1),
(488, '151', '2021-10-26', '0000-00-00', '', 0),
(489, '40', '2021-10-27', '0000-00-00', '', 0),
(490, '136', '2021-10-28', '0000-00-00', '', 1),
(491, '234', '2021-10-28', '0000-00-00', '', 1),
(492, '88', '2021-10-28', '0000-00-00', '', 1),
(493, '186', '2021-10-28', '0000-00-00', '', 0),
(494, '320', '2021-10-29', '0000-00-00', '', 0),
(495, '92', '2021-10-29', '0000-00-00', '', 1),
(496, '236', '2021-10-29', '0000-00-00', '', 1),
(497, '61', '2021-10-30', '0000-00-00', '', 1),
(498, '286', '2021-11-02', '0000-00-00', '', 1),
(499, '294', '2021-11-03', '0000-00-00', '', 1),
(500, '104', '2021-11-03', '0000-00-00', '', 0),
(501, '215', '2021-11-03', '0000-00-00', '', 0),
(502, '223', '2021-11-04', '0000-00-00', '', 1),
(503, '285', '2021-11-04', '0000-00-00', '', 1),
(504, '44', '2021-11-04', '0000-00-00', '', 0),
(505, '158', '2021-11-04', '0000-00-00', '', 1),
(506, '304', '2021-11-05', '0000-00-00', '', 0),
(507, '128', '2021-11-05', '0000-00-00', '', 1),
(508, '202', '2021-11-06', '0000-00-00', '', 0),
(509, '316', '2021-11-06', '0000-00-00', '', 0),
(510, '232', '2021-11-06', '0000-00-00', '', 1),
(511, '243', '2021-11-07', '0000-00-00', '', 0),
(512, '84', '2021-11-07', '0000-00-00', '', 0),
(513, '85', '2021-11-08', '0000-00-00', '', 0),
(514, '97', '2021-11-08', '0000-00-00', '', 0),
(515, '143', '2021-11-08', '0000-00-00', '', 1),
(516, '209', '2021-11-08', '0000-00-00', '', 0),
(517, '318', '2021-11-08', '0000-00-00', '', 1),
(518, '152', '2021-11-09', '0000-00-00', '', 1),
(519, '87', '2021-11-09', '0000-00-00', '', 0),
(520, '48', '2021-11-10', '0000-00-00', '', 1),
(521, '93', '2021-11-11', '0000-00-00', '', 1),
(522, '276', '2021-11-11', '0000-00-00', '', 1),
(523, '244', '2021-11-12', '0000-00-00', '', 0),
(524, '72', '2021-11-12', '0000-00-00', '', 1),
(525, '204', '2021-11-13', '0000-00-00', '', 0),
(526, '29', '2021-11-14', '0000-00-00', '', 1),
(527, '160', '2021-11-14', '0000-00-00', '', 0),
(528, '254', '2021-11-15', '0000-00-00', '', 0),
(529, '262', '2021-11-16', '0000-00-00', '', 1),
(530, '217', '2021-11-16', '0000-00-00', '', 1),
(531, '98', '2021-11-18', '0000-00-00', '', 1),
(532, '105', '2021-11-18', '0000-00-00', '', 0),
(533, '241', '2021-11-18', '0000-00-00', '', 1),
(534, '81', '2021-11-19', '0000-00-00', '', 1),
(535, '222', '2021-11-20', '0000-00-00', '', 1),
(536, '137', '2021-11-20', '0000-00-00', '', 1),
(537, '155', '2021-11-21', '0000-00-00', '', 0),
(538, '54', '2021-11-21', '0000-00-00', '', 0),
(539, '314', '2021-11-22', '0000-00-00', '', 1),
(540, '223', '2021-11-22', '0000-00-00', '', 1),
(541, '46', '2021-11-22', '0000-00-00', '', 0),
(542, '173', '2021-11-22', '0000-00-00', '', 1),
(543, '56', '2021-11-23', '0000-00-00', '', 0),
(544, '166', '2021-11-24', '0000-00-00', '', 0),
(545, '294', '2021-11-25', '0000-00-00', '', 1),
(546, '111', '2021-11-25', '0000-00-00', '', 1),
(547, '230', '2021-11-25', '0000-00-00', '', 1),
(548, '235', '2021-11-26', '0000-00-00', '', 1),
(549, '198', '2021-11-27', '0000-00-00', '', 0),
(550, '278', '2021-11-27', '0000-00-00', '', 0),
(551, '115', '2021-11-27', '0000-00-00', '', 1),
(552, '139', '2021-11-27', '0000-00-00', '', 0),
(553, '115', '2021-11-28', '0000-00-00', '', 1),
(554, '310', '2021-11-28', '0000-00-00', '', 1),
(555, '57', '2021-11-28', '0000-00-00', '', 0),
(556, '282', '2021-11-28', '0000-00-00', '', 1),
(557, '292', '2021-11-29', '0000-00-00', '', 1),
(558, '58', '2021-11-30', '0000-00-00', '', 0),
(559, '90', '2021-12-01', '0000-00-00', '', 0),
(560, '261', '2021-12-02', '0000-00-00', '', 0),
(561, '52', '2021-12-02', '0000-00-00', '', 0),
(562, '314', '2021-12-02', '0000-00-00', '', 0),
(563, '275', '2021-12-03', '0000-00-00', '', 1),
(564, '112', '2021-12-03', '0000-00-00', '', 1),
(565, '286', '2021-12-03', '0000-00-00', '', 1),
(566, '157', '2021-12-04', '0000-00-00', '', 1),
(567, '258', '2021-12-04', '0000-00-00', '', 0),
(568, '59', '2021-12-05', '0000-00-00', '', 0),
(569, '146', '2021-12-05', '0000-00-00', '', 1),
(570, '32', '2021-12-05', '0000-00-00', '', 1),
(571, '256', '2021-12-06', '0000-00-00', '', 1),
(572, '170', '2021-12-07', '0000-00-00', '', 0),
(573, '97', '2021-12-07', '0000-00-00', '', 1),
(574, '287', '2021-12-08', '0000-00-00', '', 1),
(575, '90', '2021-12-08', '0000-00-00', '', 1),
(576, '243', '2021-12-09', '0000-00-00', '', 0),
(577, '287', '2021-12-10', '0000-00-00', '', 1),
(578, '236', '2021-12-10', '0000-00-00', '', 0),
(579, '254', '2021-12-11', '0000-00-00', '', 0),
(580, '48', '2021-12-12', '0000-00-00', '', 0),
(581, '252', '2021-12-12', '0000-00-00', '', 1),
(582, '209', '2021-12-13', '0000-00-00', '', 1),
(583, '136', '2021-12-13', '0000-00-00', '', 1),
(584, '110', '2021-12-14', '0000-00-00', '', 0),
(585, '95', '2021-12-16', '0000-00-00', '', 1),
(586, '146', '2021-12-17', '0000-00-00', '', 0),
(587, '72', '2021-12-18', '0000-00-00', '', 1),
(588, '251', '2021-12-18', '0000-00-00', '', 0),
(589, '136', '2021-12-19', '0000-00-00', '', 1),
(590, '138', '2021-12-20', '0000-00-00', '', 0),
(591, '243', '2021-12-20', '0000-00-00', '', 1),
(592, '259', '2021-12-21', '0000-00-00', '', 1),
(593, '139', '2021-12-21', '0000-00-00', '', 1),
(594, '214', '2021-12-21', '0000-00-00', '', 1),
(595, '158', '2021-12-22', '0000-00-00', '', 1),
(596, '138', '2021-12-22', '0000-00-00', '', 1),
(597, '94', '2021-12-24', '0000-00-00', '', 1),
(598, '183', '2021-12-24', '0000-00-00', '', 1),
(599, '320', '2021-12-25', '0000-00-00', '', 1),
(600, '306', '2021-12-26', '0000-00-00', '', 1),
(601, '258', '2021-12-27', '0000-00-00', '', 1),
(602, '199', '2021-12-27', '0000-00-00', '', 1),
(603, '212', '2021-12-28', '0000-00-00', '', 0),
(604, '178', '2021-12-28', '0000-00-00', '', 1),
(605, '290', '2021-12-29', '0000-00-00', '', 1),
(606, '131', '2021-12-29', '0000-00-00', '', 1),
(607, '305', '2021-12-29', '0000-00-00', '', 0),
(608, '98', '2021-12-30', '0000-00-00', '', 0);

-- --------------------------------------------------------

--
-- 資料表結構 `order_setting`
--

CREATE TABLE `order_setting` (
  `O_ID` int(11) NOT NULL,
  `P_ID` int(11) DEFAULT NULL,
  `amount` int(11) DEFAULT NULL
) ENGINE=InnoDB DEFAULT CHARSET=utf8mb4;

--
-- 傾印資料表的資料 `order_setting`
--

INSERT INTO `order_setting` (`O_ID`, `P_ID`, `amount`) VALUES
(490, 12, 27),
(63, 21, 1),
(332, 8, 21),
(147, 3, 7),
(366, 8, 10),
(543, 8, 6),
(41, 8, 33),
(108, 13, 50),
(331, 10, 47),
(181, 22, 14),
(477, 10, 20),
(148, 21, 3),
(134, 5, 17),
(100, 22, 2),
(255, 21, 22),
(607, 3, 47),
(105, 11, 2),
(122, 19, 25),
(242, 14, 32),
(217, 15, 48),
(205, 13, 30),
(474, 18, 1),
(11, 13, 48),
(598, 16, 44),
(351, 13, 31),
(121, 21, 40),
(95, 8, 33),
(185, 14, 19),
(103, 7, 26),
(371, 17, 25),
(460, 19, 7),
(291, 17, 16),
(355, 19, 32),
(407, 5, 32),
(592, 4, 39),
(429, 21, 32),
(145, 11, 10),
(380, 19, 44),
(601, 12, 41),
(323, 18, 38),
(41, 7, 50),
(491, 11, 25),
(10, 15, 7),
(62, 16, 37),
(552, 7, 9),
(476, 17, 15),
(435, 5, 4),
(320, 11, 23),
(519, 22, 35),
(460, 18, 21),
(104, 19, 46),
(241, 22, 22),
(370, 16, 15),
(496, 18, 7),
(131, 22, 47),
(386, 5, 18),
(302, 7, 42),
(365, 19, 24),
(510, 13, 4),
(119, 7, 41),
(509, 9, 5),
(248, 14, 30),
(102, 21, 39),
(21, 12, 8),
(418, 4, 11),
(445, 19, 50),
(259, 15, 28),
(256, 11, 38),
(182, 16, 16),
(381, 17, 21),
(69, 12, 4),
(269, 7, 7),
(600, 22, 49),
(234, 16, 5),
(180, 22, 34),
(162, 20, 27),
(81, 10, 22),
(413, 22, 39),
(324, 13, 10),
(138, 7, 1),
(548, 21, 15),
(511, 22, 34),
(411, 18, 11),
(359, 3, 8),
(520, 19, 24),
(132, 14, 8),
(462, 6, 17),
(198, 17, 16),
(598, 11, 47),
(107, 9, 7),
(283, 8, 5),
(307, 17, 28),
(580, 5, 8),
(300, 4, 13),
(443, 6, 5),
(226, 11, 29),
(562, 5, 47),
(127, 3, 17),
(158, 18, 16),
(460, 21, 40),
(127, 16, 27),
(300, 16, 42),
(281, 22, 26),
(394, 6, 2),
(11, 6, 38),
(416, 21, 35),
(509, 9, 16),
(417, 20, 9),
(190, 5, 50),
(364, 7, 16),
(22, 12, 42),
(299, 10, 31),
(475, 8, 49),
(589, 9, 41),
(604, 3, 15),
(146, 19, 25),
(51, 17, 42),
(344, 12, 32),
(13, 19, 16),
(568, 12, 40),
(105, 4, 50),
(450, 15, 35),
(243, 7, 20),
(494, 15, 37),
(487, 8, 43),
(390, 20, 6),
(543, 5, 1),
(188, 13, 15),
(85, 3, 10),
(389, 18, 42),
(603, 3, 24),
(9, 8, 10),
(158, 11, 14),
(193, 13, 10),
(103, 7, 26),
(150, 10, 12),
(327, 12, 18),
(165, 7, 3),
(36, 19, 17),
(90, 19, 15),
(337, 4, 32),
(368, 10, 11),
(258, 12, 19),
(258, 5, 2),
(15, 7, 49),
(44, 4, 22),
(214, 17, 2),
(212, 9, 17),
(433, 16, 47),
(361, 8, 1),
(540, 20, 36),
(334, 16, 46),
(176, 9, 7),
(10, 11, 28),
(538, 7, 26),
(333, 7, 4),
(311, 16, 7),
(355, 14, 38),
(417, 13, 10),
(549, 3, 21),
(78, 9, 6),
(174, 19, 39),
(397, 7, 39),
(341, 5, 37),
(408, 17, 4),
(477, 4, 19),
(286, 16, 26),
(11, 7, 45),
(277, 8, 5),
(320, 16, 1),
(263, 7, 26),
(266, 12, 50),
(582, 7, 39),
(27, 19, 44),
(237, 10, 15),
(403, 4, 23),
(219, 3, 29),
(376, 15, 14),
(549, 7, 37),
(309, 21, 10),
(275, 4, 47),
(233, 7, 14),
(368, 5, 44),
(510, 14, 25),
(93, 10, 45),
(276, 10, 7),
(246, 11, 19),
(9, 10, 33),
(504, 20, 44),
(17, 6, 35),
(21, 10, 40),
(297, 18, 12),
(196, 13, 17),
(247, 12, 7),
(51, 15, 28),
(460, 13, 29),
(151, 17, 39),
(482, 6, 46),
(514, 11, 43),
(42, 18, 5),
(110, 3, 10),
(144, 9, 41),
(274, 4, 32),
(173, 8, 11),
(277, 19, 15),
(391, 8, 48),
(358, 10, 9),
(173, 11, 43),
(88, 15, 5),
(151, 14, 24),
(21, 18, 45),
(282, 10, 10),
(517, 5, 7),
(151, 8, 4),
(25, 10, 29),
(348, 6, 22),
(177, 9, 22),
(217, 18, 22),
(257, 19, 42),
(594, 17, 29),
(473, 22, 12),
(344, 20, 48),
(450, 4, 31),
(480, 12, 46),
(481, 9, 50),
(527, 6, 1),
(500, 18, 19),
(534, 21, 24),
(465, 16, 12),
(16, 17, 13),
(556, 18, 24),
(474, 4, 8),
(34, 4, 31),
(35, 16, 38),
(480, 9, 33),
(445, 18, 21),
(170, 3, 12),
(30, 19, 35),
(57, 11, 27),
(355, 22, 33),
(390, 22, 36),
(120, 20, 11),
(94, 8, 33),
(114, 16, 39),
(371, 20, 40),
(35, 12, 41),
(400, 10, 7),
(249, 19, 47),
(88, 16, 16),
(145, 21, 28),
(278, 13, 12),
(337, 17, 32),
(30, 19, 22),
(134, 14, 4),
(70, 7, 31),
(557, 8, 36),
(238, 19, 19),
(204, 4, 5),
(85, 20, 30),
(430, 3, 39),
(219, 5, 41),
(383, 3, 19),
(398, 11, 46),
(126, 14, 38),
(34, 22, 9),
(347, 15, 28),
(83, 21, 42),
(173, 16, 30),
(568, 10, 30),
(75, 8, 47),
(273, 7, 40),
(90, 20, 11),
(551, 7, 8),
(162, 19, 23),
(110, 14, 21),
(327, 12, 35),
(499, 18, 1),
(550, 11, 47),
(56, 5, 16),
(201, 11, 50),
(125, 20, 24),
(526, 11, 33),
(511, 10, 27),
(26, 5, 34),
(225, 9, 18),
(111, 10, 39),
(428, 10, 44),
(246, 22, 16),
(310, 16, 48),
(141, 7, 32),
(396, 3, 26),
(44, 13, 20),
(105, 7, 31),
(91, 21, 29),
(53, 5, 7),
(383, 13, 41),
(458, 7, 27),
(287, 7, 25),
(564, 19, 4),
(297, 22, 23),
(117, 12, 31),
(294, 12, 7),
(234, 21, 35),
(537, 18, 49),
(164, 21, 50),
(446, 3, 20),
(245, 7, 23),
(559, 17, 44),
(204, 8, 47),
(159, 7, 39),
(277, 5, 49),
(372, 14, 3),
(437, 17, 35),
(337, 6, 18),
(452, 5, 16),
(271, 8, 47),
(305, 15, 42),
(15, 22, 36),
(79, 8, 10),
(546, 17, 28),
(22, 4, 39),
(578, 17, 29),
(381, 9, 24),
(50, 21, 32),
(21, 4, 18),
(73, 20, 17),
(107, 10, 27),
(177, 13, 3),
(342, 7, 1),
(182, 3, 10),
(524, 12, 38),
(169, 3, 44),
(422, 15, 5),
(605, 12, 6),
(387, 13, 32),
(508, 7, 49),
(289, 20, 18),
(589, 9, 49),
(360, 15, 7),
(579, 8, 19),
(196, 12, 17),
(529, 8, 39),
(379, 16, 44),
(266, 22, 35),
(377, 6, 4),
(62, 15, 27),
(517, 22, 48),
(183, 3, 25),
(449, 8, 15),
(475, 6, 27),
(283, 8, 11),
(165, 14, 27),
(94, 3, 24),
(539, 8, 9),
(499, 7, 8),
(566, 12, 47),
(521, 5, 18),
(357, 5, 15),
(408, 7, 17),
(580, 10, 46),
(510, 15, 1),
(471, 7, 38),
(426, 15, 13),
(438, 12, 21),
(344, 22, 47),
(401, 5, 9),
(97, 21, 22),
(264, 21, 44),
(158, 7, 32),
(469, 7, 28),
(391, 8, 8),
(69, 4, 29),
(193, 14, 25),
(269, 4, 5),
(226, 6, 10),
(525, 20, 32),
(372, 4, 33),
(417, 12, 37),
(510, 9, 4),
(362, 19, 36),
(385, 7, 3),
(591, 11, 46),
(60, 15, 20),
(283, 17, 42),
(368, 6, 3),
(526, 4, 9),
(267, 12, 9),
(595, 19, 25),
(105, 11, 25),
(300, 11, 27),
(77, 4, 28),
(444, 11, 5),
(491, 15, 1),
(485, 4, 5),
(376, 17, 48),
(303, 3, 21),
(59, 8, 44),
(32, 3, 23),
(35, 18, 37),
(329, 10, 22),
(38, 7, 46),
(168, 6, 8),
(570, 4, 45),
(102, 6, 18),
(409, 14, 28),
(294, 13, 45),
(347, 11, 45),
(263, 6, 38),
(464, 10, 3),
(459, 5, 16),
(474, 11, 31),
(377, 14, 34),
(455, 6, 6),
(102, 12, 2),
(411, 7, 41),
(53, 8, 34),
(573, 16, 50),
(94, 10, 16),
(386, 17, 24),
(181, 21, 6),
(25, 5, 8),
(372, 15, 11),
(56, 16, 37),
(479, 3, 39),
(213, 5, 39),
(433, 7, 4),
(116, 10, 20),
(422, 20, 11),
(516, 7, 31),
(109, 11, 5),
(382, 18, 28),
(369, 19, 35),
(71, 19, 20),
(84, 8, 33),
(548, 7, 20),
(589, 5, 38),
(525, 20, 12),
(80, 9, 16),
(62, 21, 17),
(385, 11, 28),
(531, 7, 28),
(128, 10, 24),
(494, 14, 17),
(375, 12, 27),
(185, 5, 42),
(430, 21, 47),
(410, 13, 50),
(476, 7, 14),
(26, 14, 29),
(339, 13, 6),
(127, 18, 6),
(202, 19, 32),
(358, 6, 16),
(433, 22, 12),
(256, 4, 49),
(504, 3, 26),
(28, 22, 11),
(200, 16, 37),
(281, 9, 39),
(62, 15, 9),
(437, 4, 20),
(298, 15, 16),
(112, 8, 18),
(369, 5, 43),
(463, 19, 43),
(538, 5, 21),
(578, 8, 20),
(321, 13, 22),
(10, 22, 21),
(353, 9, 8),
(207, 12, 41),
(599, 18, 35),
(580, 7, 30),
(292, 18, 7),
(256, 22, 36),
(427, 20, 23),
(127, 19, 3),
(352, 22, 49),
(373, 20, 11),
(263, 11, 35),
(93, 16, 45),
(45, 16, 10),
(178, 21, 9),
(287, 22, 4),
(140, 9, 5),
(127, 14, 15),
(423, 21, 37),
(226, 21, 38),
(19, 17, 11),
(452, 21, 3),
(196, 7, 4),
(438, 21, 26),
(444, 21, 9),
(308, 18, 50),
(196, 19, 7),
(165, 13, 15),
(152, 13, 20),
(391, 3, 8),
(407, 11, 43),
(117, 7, 5),
(142, 18, 32),
(394, 19, 38),
(65, 14, 36),
(115, 19, 19),
(511, 10, 24),
(491, 13, 46),
(163, 11, 37),
(391, 12, 7),
(70, 9, 39),
(271, 10, 35),
(340, 11, 14),
(396, 7, 24),
(30, 11, 46),
(9, 13, 21),
(186, 7, 46),
(586, 16, 2),
(268, 8, 36),
(135, 16, 33),
(470, 19, 47),
(165, 21, 38),
(468, 8, 26),
(544, 5, 44),
(370, 3, 50),
(499, 9, 1),
(538, 22, 43),
(215, 19, 1),
(366, 20, 8),
(330, 13, 26),
(251, 16, 45),
(377, 19, 38),
(604, 8, 4),
(490, 8, 26),
(483, 7, 41),
(331, 10, 4),
(443, 8, 44),
(494, 18, 12),
(239, 17, 5),
(56, 4, 9),
(377, 18, 38),
(274, 4, 12),
(155, 11, 39),
(551, 22, 39),
(422, 8, 43),
(595, 17, 44),
(584, 12, 41),
(173, 3, 7),
(304, 19, 6),
(10, 14, 32),
(236, 22, 19),
(330, 18, 40),
(209, 12, 45),
(37, 11, 24),
(111, 7, 26),
(264, 22, 48),
(336, 6, 39),
(402, 8, 9),
(466, 16, 44),
(337, 6, 47),
(48, 13, 25),
(311, 20, 46),
(401, 16, 19),
(338, 18, 19),
(74, 5, 22),
(556, 19, 13),
(499, 19, 17),
(582, 15, 36),
(332, 9, 41),
(308, 14, 40),
(409, 6, 39),
(218, 18, 39),
(304, 5, 24),
(234, 13, 39),
(161, 14, 13),
(583, 6, 38),
(37, 5, 15),
(456, 3, 50),
(143, 21, 33),
(352, 12, 36),
(221, 8, 42),
(79, 17, 5),
(51, 6, 2),
(103, 19, 32),
(288, 4, 45),
(541, 15, 2),
(19, 21, 2),
(37, 3, 43),
(475, 17, 14),
(227, 20, 20),
(560, 18, 33),
(170, 4, 12),
(467, 14, 32),
(588, 15, 32),
(526, 12, 42),
(39, 4, 8),
(198, 20, 2),
(142, 16, 48),
(140, 21, 32),
(465, 18, 3),
(327, 21, 50),
(162, 18, 2),
(328, 22, 13),
(599, 14, 49),
(192, 14, 25),
(591, 7, 7),
(229, 19, 33),
(539, 7, 32),
(145, 10, 18),
(29, 4, 36),
(50, 4, 11),
(580, 10, 48),
(45, 19, 7),
(457, 9, 42),
(585, 16, 14),
(363, 18, 31),
(288, 17, 9),
(231, 18, 46),
(113, 20, 37),
(256, 4, 27),
(45, 11, 22),
(475, 15, 33),
(147, 11, 12),
(317, 10, 24),
(288, 16, 46),
(322, 10, 41),
(474, 4, 3),
(328, 10, 10),
(452, 16, 31),
(452, 19, 5),
(59, 6, 40),
(164, 19, 46),
(77, 7, 44),
(599, 18, 3),
(194, 19, 28),
(203, 3, 21),
(505, 14, 43),
(411, 5, 12),
(42, 3, 4),
(567, 13, 25),
(453, 18, 16),
(476, 15, 20),
(303, 3, 18),
(458, 4, 37),
(169, 17, 16),
(343, 3, 7),
(417, 3, 17),
(275, 19, 49),
(146, 21, 18),
(167, 21, 4),
(532, 19, 44),
(12, 9, 43),
(85, 6, 24),
(439, 21, 7),
(457, 12, 1),
(208, 8, 44),
(83, 9, 14),
(220, 5, 3),
(346, 19, 30),
(425, 17, 44),
(141, 5, 43),
(336, 19, 11),
(565, 17, 28),
(11, 11, 5),
(105, 3, 22),
(531, 4, 4),
(459, 20, 11),
(85, 17, 5),
(18, 6, 31),
(51, 7, 27),
(230, 6, 30),
(224, 10, 35),
(414, 16, 34),
(472, 22, 27),
(414, 13, 6),
(24, 21, 24),
(224, 13, 45),
(424, 10, 3),
(158, 18, 11),
(605, 5, 36),
(563, 13, 36),
(582, 4, 48),
(439, 10, 48),
(250, 5, 37),
(278, 22, 30),
(376, 6, 40),
(121, 18, 39),
(524, 7, 50),
(334, 5, 7),
(582, 17, 12),
(15, 16, 35),
(310, 19, 14),
(33, 3, 3),
(484, 4, 48),
(153, 8, 18),
(160, 14, 17),
(162, 13, 40),
(57, 18, 9),
(283, 18, 14),
(300, 13, 37),
(116, 19, 35),
(155, 4, 46),
(573, 3, 9),
(122, 11, 21),
(63, 21, 2),
(459, 6, 45),
(475, 10, 26),
(168, 6, 37),
(57, 20, 33),
(393, 3, 8),
(562, 9, 10),
(367, 18, 48),
(173, 21, 6),
(106, 9, 47),
(123, 8, 37),
(279, 15, 28),
(260, 7, 24),
(543, 15, 35),
(214, 12, 24),
(198, 17, 24),
(180, 15, 42),
(38, 4, 39),
(18, 11, 41),
(109, 8, 28),
(368, 5, 48),
(121, 21, 27),
(35, 9, 5),
(104, 20, 25),
(140, 18, 47),
(245, 7, 19),
(345, 12, 11),
(440, 13, 45),
(108, 22, 50),
(508, 4, 1),
(395, 15, 31),
(372, 6, 31),
(309, 10, 43),
(567, 9, 7),
(509, 8, 26),
(341, 17, 15),
(552, 16, 15),
(226, 21, 30),
(374, 8, 24),
(217, 17, 19),
(118, 21, 29),
(460, 22, 44),
(69, 17, 8),
(104, 8, 26),
(489, 20, 34),
(46, 4, 26),
(60, 17, 46),
(410, 4, 16),
(246, 16, 24),
(592, 14, 5),
(458, 4, 5),
(604, 10, 37),
(272, 15, 13),
(57, 21, 11),
(581, 3, 29),
(599, 20, 8),
(348, 18, 42),
(231, 12, 28),
(86, 22, 37),
(104, 17, 45),
(113, 8, 23),
(45, 13, 3),
(165, 12, 18),
(273, 14, 20),
(213, 6, 50),
(231, 17, 23),
(118, 14, 9),
(352, 7, 7),
(194, 5, 32),
(586, 14, 26),
(128, 7, 24),
(342, 21, 50),
(277, 5, 33),
(140, 11, 5),
(200, 13, 45),
(449, 20, 5),
(84, 21, 5),
(378, 13, 39),
(505, 18, 37),
(102, 18, 32),
(284, 11, 7),
(601, 4, 25),
(256, 10, 38),
(287, 12, 44),
(496, 21, 39),
(25, 4, 5),
(602, 9, 40),
(482, 4, 31),
(552, 3, 4),
(505, 12, 10),
(215, 14, 34),
(607, 14, 40),
(148, 16, 30),
(557, 20, 32),
(119, 12, 12),
(564, 17, 15),
(183, 5, 3),
(250, 6, 4),
(418, 18, 20),
(588, 4, 40),
(200, 15, 8),
(509, 6, 10),
(350, 6, 29),
(106, 4, 47),
(212, 11, 2),
(436, 11, 11),
(340, 15, 10),
(405, 11, 34),
(528, 21, 33),
(540, 6, 22),
(195, 20, 24),
(230, 19, 35),
(198, 5, 37),
(209, 7, 40),
(239, 10, 16),
(555, 3, 28),
(502, 7, 12),
(242, 9, 26),
(363, 22, 11),
(591, 6, 21),
(162, 22, 7),
(143, 5, 14),
(85, 21, 35),
(290, 17, 12),
(506, 22, 50),
(197, 10, 43),
(369, 10, 10),
(598, 14, 48),
(557, 21, 22),
(378, 22, 18),
(196, 19, 21),
(542, 11, 24),
(81, 10, 42),
(416, 16, 22),
(282, 11, 13),
(447, 3, 24),
(584, 21, 32),
(308, 20, 30),
(305, 7, 50),
(213, 10, 19),
(184, 4, 50),
(108, 11, 39),
(191, 20, 11),
(27, 11, 43),
(12, 3, 5),
(392, 9, 41),
(499, 18, 50),
(438, 16, 20),
(378, 13, 32),
(208, 13, 35),
(23, 11, 4),
(110, 5, 16),
(514, 9, 14),
(297, 13, 44),
(422, 19, 35),
(189, 16, 13),
(267, 9, 12),
(357, 7, 13),
(154, 14, 19),
(573, 7, 11),
(75, 13, 46),
(486, 8, 17),
(492, 21, 29),
(91, 21, 35),
(75, 8, 34),
(162, 8, 10),
(294, 12, 47),
(297, 10, 9),
(91, 9, 23),
(81, 22, 30),
(606, 11, 42),
(99, 8, 32),
(175, 22, 48),
(408, 16, 33),
(275, 14, 34),
(157, 7, 28),
(124, 5, 42),
(174, 21, 5),
(435, 3, 20),
(402, 17, 36),
(142, 18, 22),
(376, 11, 50),
(597, 20, 43),
(87, 22, 39),
(209, 17, 17),
(418, 9, 29),
(317, 8, 42),
(355, 9, 31),
(96, 6, 30),
(76, 9, 41),
(325, 12, 5),
(414, 20, 41),
(135, 16, 34),
(399, 3, 13),
(512, 13, 31),
(470, 15, 39),
(299, 22, 12),
(426, 20, 9),
(268, 12, 39),
(578, 19, 48),
(449, 5, 41),
(35, 11, 13),
(299, 10, 14),
(180, 21, 26),
(98, 17, 22),
(86, 4, 18),
(140, 11, 2),
(438, 15, 14),
(387, 10, 21),
(89, 13, 33),
(596, 7, 4),
(597, 13, 14),
(126, 13, 7),
(298, 18, 42),
(343, 15, 31),
(466, 7, 42),
(64, 9, 15),
(141, 18, 40),
(454, 12, 44),
(505, 22, 17),
(213, 3, 15),
(505, 5, 8),
(583, 14, 33),
(55, 9, 38),
(594, 21, 29),
(112, 5, 9),
(479, 6, 44),
(430, 10, 38),
(511, 4, 15),
(259, 8, 38),
(261, 5, 33),
(92, 20, 2),
(185, 7, 28),
(158, 21, 36),
(469, 13, 40),
(315, 19, 37),
(182, 21, 21),
(310, 3, 42),
(573, 9, 24),
(333, 17, 33),
(214, 17, 9),
(139, 12, 44),
(250, 20, 3),
(301, 6, 8),
(483, 11, 34),
(462, 14, 22),
(247, 20, 1),
(397, 5, 32),
(59, 16, 4),
(400, 9, 3),
(436, 12, 6),
(350, 12, 21),
(66, 9, 16),
(53, 11, 28),
(77, 15, 7),
(566, 5, 25),
(366, 6, 9),
(368, 22, 23),
(23, 15, 14),
(489, 16, 46),
(311, 7, 7),
(253, 18, 38),
(289, 9, 22),
(399, 8, 50),
(82, 14, 8),
(346, 11, 32),
(59, 12, 14),
(192, 20, 3),
(585, 7, 50),
(386, 22, 27),
(240, 10, 21),
(171, 7, 18),
(571, 4, 6),
(157, 15, 4),
(59, 3, 32),
(50, 10, 15),
(80, 6, 40),
(148, 11, 5),
(502, 8, 6),
(554, 20, 8),
(66, 21, 16),
(291, 8, 36),
(435, 18, 48),
(260, 14, 22),
(563, 19, 25),
(171, 9, 15),
(39, 10, 35),
(78, 6, 22),
(107, 10, 26),
(292, 16, 18),
(552, 15, 38),
(274, 8, 8),
(463, 5, 38),
(562, 19, 35),
(211, 10, 13),
(147, 9, 14),
(455, 19, 12),
(533, 18, 20),
(556, 4, 47),
(241, 13, 41),
(131, 12, 44),
(159, 17, 17),
(215, 7, 50),
(354, 7, 20),
(247, 19, 14),
(596, 4, 10),
(205, 20, 13),
(167, 16, 33),
(31, 15, 39),
(249, 13, 42),
(178, 7, 23),
(426, 15, 41),
(431, 11, 41),
(427, 20, 22),
(72, 3, 7),
(116, 13, 26),
(289, 6, 43),
(347, 11, 49),
(149, 13, 38),
(344, 4, 17),
(590, 6, 19),
(99, 17, 7),
(130, 21, 41),
(228, 3, 31),
(269, 8, 37),
(271, 3, 35),
(372, 18, 20),
(546, 8, 27),
(166, 3, 7),
(361, 10, 34),
(155, 5, 17),
(537, 14, 26),
(452, 20, 36),
(607, 14, 8),
(194, 7, 36),
(221, 16, 14),
(61, 19, 34),
(437, 14, 35),
(193, 17, 4),
(278, 5, 37),
(197, 3, 16),
(270, 22, 6),
(182, 19, 22),
(189, 7, 9),
(60, 3, 47),
(434, 15, 21),
(314, 6, 37),
(411, 6, 16),
(41, 19, 50),
(311, 13, 13),
(219, 21, 3),
(118, 15, 37),
(48, 15, 23),
(288, 9, 4),
(221, 21, 46),
(543, 5, 49),
(576, 22, 14),
(155, 10, 35),
(143, 19, 13),
(147, 5, 18),
(218, 6, 31),
(361, 14, 29),
(470, 22, 50),
(390, 9, 8),
(266, 10, 21),
(585, 8, 14),
(558, 7, 46),
(390, 3, 16),
(405, 19, 50),
(204, 18, 30),
(122, 5, 14),
(45, 4, 39),
(118, 12, 35),
(591, 14, 11),
(391, 9, 26),
(301, 19, 49),
(320, 21, 1),
(252, 8, 40),
(373, 11, 2),
(570, 12, 47),
(237, 18, 5),
(599, 21, 17),
(601, 19, 23),
(55, 20, 18),
(306, 14, 11),
(23, 3, 45),
(253, 5, 42),
(312, 8, 44),
(167, 8, 11),
(435, 16, 20),
(84, 6, 31),
(466, 9, 47),
(447, 9, 7),
(211, 5, 4),
(604, 17, 30),
(558, 9, 14),
(133, 4, 43),
(478, 20, 1),
(366, 11, 1),
(348, 3, 44),
(476, 6, 4),
(10, 4, 21),
(532, 8, 16),
(318, 21, 44),
(360, 3, 28),
(568, 20, 28),
(419, 7, 26),
(110, 22, 24),
(56, 3, 27),
(597, 6, 41),
(485, 16, 18),
(67, 10, 23),
(311, 14, 46),
(468, 20, 1),
(324, 20, 29),
(156, 3, 48),
(206, 16, 26),
(59, 5, 20),
(488, 14, 19),
(568, 9, 4),
(246, 13, 9),
(494, 11, 3),
(364, 6, 3),
(55, 7, 46),
(254, 17, 32),
(265, 18, 32),
(473, 21, 28),
(398, 19, 18),
(568, 22, 6),
(431, 6, 7),
(55, 8, 10),
(75, 15, 14),
(357, 3, 50),
(200, 11, 34),
(107, 8, 12),
(124, 15, 14),
(255, 20, 38),
(570, 21, 38),
(411, 18, 5),
(446, 4, 39),
(219, 4, 28),
(272, 12, 41),
(585, 7, 24),
(171, 6, 39),
(491, 19, 48),
(371, 17, 21),
(184, 3, 21),
(349, 3, 6),
(264, 9, 26),
(136, 6, 42),
(293, 7, 17),
(112, 15, 6),
(184, 3, 2),
(137, 6, 46),
(277, 22, 21),
(572, 5, 8),
(397, 18, 17),
(346, 12, 5),
(150, 11, 1),
(336, 4, 7),
(219, 15, 30),
(199, 7, 9),
(410, 15, 34),
(355, 6, 48),
(367, 11, 33),
(449, 15, 24),
(584, 11, 27),
(119, 20, 29),
(96, 18, 23),
(493, 21, 49),
(147, 19, 33),
(50, 20, 14),
(287, 15, 50),
(430, 6, 27),
(359, 15, 38),
(354, 12, 14),
(344, 3, 47),
(86, 15, 47),
(219, 5, 22),
(20, 7, 8),
(18, 7, 45),
(100, 19, 20),
(119, 20, 50),
(480, 12, 43),
(229, 6, 27),
(539, 14, 40),
(28, 4, 31),
(171, 5, 19),
(208, 16, 30),
(314, 8, 8),
(277, 16, 33),
(449, 18, 21),
(417, 18, 5),
(149, 4, 49),
(597, 5, 34),
(288, 14, 9),
(338, 19, 2),
(352, 16, 37),
(124, 14, 24),
(512, 5, 12),
(356, 13, 2),
(440, 20, 41),
(320, 8, 43),
(355, 22, 26),
(516, 16, 31),
(413, 21, 24),
(75, 5, 1),
(526, 14, 39),
(600, 17, 26),
(281, 21, 11),
(594, 10, 5),
(161, 8, 40),
(285, 9, 26),
(68, 14, 8),
(438, 19, 47),
(385, 18, 24),
(521, 4, 45),
(68, 22, 43),
(569, 11, 41),
(313, 11, 12),
(209, 13, 16),
(453, 5, 26),
(250, 11, 19),
(47, 3, 4),
(452, 9, 10),
(442, 22, 36),
(181, 22, 2),
(180, 13, 49),
(465, 6, 1),
(221, 7, 13),
(585, 3, 37),
(101, 4, 47),
(314, 4, 50),
(555, 17, 41),
(284, 15, 48),
(314, 17, 8),
(524, 22, 46),
(419, 3, 10),
(23, 5, 13),
(54, 17, 32),
(576, 15, 31),
(63, 13, 20),
(202, 15, 15),
(519, 11, 47),
(446, 7, 20),
(530, 10, 29),
(517, 15, 42),
(260, 18, 43),
(388, 6, 42),
(170, 8, 30),
(527, 18, 31),
(208, 16, 22),
(257, 21, 23),
(393, 19, 10),
(228, 21, 34),
(118, 6, 6),
(183, 14, 8),
(348, 3, 23),
(428, 6, 1),
(391, 20, 37),
(408, 7, 2),
(488, 4, 7),
(394, 7, 7),
(57, 15, 27),
(145, 5, 23),
(608, 10, 3),
(409, 9, 1),
(30, 16, 19),
(386, 13, 23),
(363, 10, 50),
(419, 12, 17),
(127, 5, 35),
(403, 12, 8),
(57, 15, 24),
(41, 11, 13),
(58, 7, 49),
(505, 13, 17),
(64, 11, 2),
(517, 18, 24),
(269, 10, 15),
(454, 14, 7),
(167, 17, 6),
(539, 12, 38),
(463, 12, 1),
(345, 9, 14),
(598, 5, 3),
(188, 14, 47),
(503, 11, 50),
(31, 18, 4),
(598, 3, 17),
(557, 19, 24),
(115, 6, 7),
(220, 12, 45),
(399, 19, 43),
(337, 5, 26),
(584, 3, 49),
(346, 4, 40),
(402, 19, 35),
(154, 15, 12),
(350, 8, 26),
(313, 12, 33),
(395, 17, 16),
(386, 12, 4),
(147, 15, 9),
(540, 11, 24),
(582, 4, 35),
(256, 10, 30),
(274, 5, 2),
(277, 16, 30),
(308, 17, 43),
(63, 19, 34),
(166, 20, 25),
(599, 10, 20),
(345, 20, 14),
(75, 15, 44),
(319, 3, 5),
(513, 15, 27),
(224, 3, 19),
(36, 21, 36),
(505, 10, 34),
(163, 15, 2),
(314, 18, 13),
(168, 8, 32),
(126, 5, 28),
(357, 5, 13),
(376, 16, 17),
(384, 10, 19),
(209, 20, 40),
(325, 21, 4),
(504, 9, 29),
(537, 7, 5),
(395, 19, 48),
(585, 21, 31),
(517, 17, 26),
(18, 16, 14),
(216, 19, 23),
(563, 11, 29),
(261, 17, 23),
(242, 21, 16),
(409, 17, 31),
(134, 18, 47),
(360, 12, 5),
(511, 22, 9),
(142, 13, 16),
(262, 14, 46),
(309, 18, 25),
(567, 16, 35),
(504, 21, 48),
(49, 20, 22),
(116, 21, 19),
(471, 5, 41),
(359, 18, 45),
(190, 12, 37),
(388, 5, 29),
(444, 16, 10),
(452, 9, 21),
(102, 18, 37),
(547, 3, 44),
(201, 12, 33),
(161, 18, 41),
(551, 17, 1),
(232, 13, 21),
(508, 11, 29),
(350, 14, 13),
(458, 12, 18),
(68, 5, 13),
(579, 4, 21),
(281, 13, 37),
(50, 4, 3),
(365, 10, 36),
(142, 12, 13),
(75, 21, 36),
(56, 21, 22),
(316, 22, 16),
(486, 10, 18),
(443, 13, 36),
(393, 14, 19),
(232, 4, 25),
(131, 21, 39),
(429, 7, 47),
(220, 17, 1),
(90, 9, 20),
(254, 9, 34),
(396, 12, 29),
(65, 6, 44),
(409, 14, 29),
(294, 10, 2),
(517, 15, 13),
(186, 3, 10),
(152, 12, 6),
(328, 20, 47),
(105, 19, 11),
(45, 20, 30),
(64, 11, 31),
(53, 7, 48),
(41, 13, 37),
(260, 16, 2),
(11, 12, 33),
(270, 13, 27),
(107, 19, 25),
(111, 5, 39),
(419, 20, 3),
(16, 10, 20),
(582, 10, 5),
(190, 7, 37),
(118, 3, 11),
(554, 15, 31),
(183, 18, 18),
(97, 3, 23),
(553, 3, 23),
(132, 9, 42),
(598, 14, 47),
(554, 20, 32),
(479, 15, 40),
(478, 5, 10),
(327, 15, 36),
(29, 6, 10),
(110, 17, 8),
(332, 7, 37),
(295, 18, 26),
(50, 15, 22),
(155, 8, 38),
(252, 6, 32),
(593, 12, 21),
(52, 20, 48),
(265, 7, 11),
(218, 8, 44),
(337, 15, 10),
(533, 21, 10),
(13, 13, 27),
(519, 20, 31),
(604, 12, 29),
(56, 18, 35),
(260, 13, 19),
(591, 17, 9),
(303, 15, 32),
(18, 19, 9),
(322, 7, 29),
(54, 18, 40),
(259, 14, 33),
(114, 6, 34),
(410, 17, 5),
(197, 6, 8),
(547, 15, 45),
(398, 17, 22),
(312, 14, 16),
(451, 7, 16),
(263, 16, 33),
(85, 18, 45),
(129, 21, 31),
(480, 12, 25),
(92, 8, 17),
(286, 6, 20),
(321, 17, 34),
(582, 8, 25),
(280, 4, 48),
(17, 15, 24),
(60, 19, 18),
(123, 15, 35),
(150, 13, 26),
(296, 19, 18),
(73, 6, 8),
(67, 7, 36),
(162, 21, 50),
(510, 12, 2),
(547, 18, 41),
(141, 3, 8),
(25, 7, 39),
(383, 4, 41),
(467, 3, 43),
(506, 5, 31),
(471, 10, 27),
(258, 10, 5),
(598, 12, 32),
(382, 16, 32),
(188, 16, 29),
(10, 7, 38),
(280, 9, 37),
(313, 11, 10),
(210, 8, 10),
(586, 12, 14),
(472, 20, 7),
(455, 6, 20),
(520, 7, 28),
(457, 19, 26),
(18, 17, 46),
(496, 14, 8),
(23, 17, 30),
(80, 21, 9),
(104, 11, 34),
(132, 18, 49),
(568, 12, 18),
(213, 15, 1),
(214, 20, 48),
(355, 16, 26),
(314, 9, 46),
(199, 11, 38),
(605, 15, 12),
(462, 3, 32),
(518, 10, 7),
(162, 7, 27),
(286, 18, 24),
(184, 14, 41),
(61, 9, 31),
(388, 17, 35),
(379, 3, 11),
(130, 18, 10),
(528, 7, 4),
(150, 21, 19),
(454, 16, 26),
(392, 11, 36),
(571, 13, 45),
(122, 16, 17),
(35, 22, 37),
(571, 20, 13),
(301, 15, 48),
(24, 3, 6),
(272, 5, 24),
(383, 12, 49),
(233, 20, 3),
(552, 6, 26),
(196, 19, 36),
(233, 13, 10),
(322, 12, 10),
(468, 22, 46),
(234, 18, 21),
(561, 5, 33),
(583, 22, 7),
(336, 12, 40),
(285, 14, 15),
(364, 5, 28),
(505, 9, 34),
(596, 10, 37),
(133, 18, 18),
(19, 5, 10),
(66, 5, 50),
(277, 5, 27),
(422, 15, 36),
(338, 12, 50),
(370, 6, 45),
(478, 15, 13),
(540, 17, 4),
(589, 21, 1),
(533, 3, 18),
(535, 18, 22),
(106, 4, 36),
(114, 8, 23),
(160, 15, 45),
(505, 7, 50),
(603, 17, 35),
(588, 6, 15),
(38, 18, 37),
(156, 4, 36),
(284, 4, 49),
(407, 11, 9),
(267, 12, 31),
(69, 6, 44),
(409, 17, 46),
(234, 5, 38),
(595, 14, 31),
(58, 19, 26),
(535, 14, 35),
(595, 8, 36),
(111, 20, 5),
(71, 9, 47),
(578, 16, 44),
(344, 5, 24),
(315, 9, 24),
(323, 11, 17),
(545, 9, 40),
(265, 21, 22),
(267, 3, 22),
(477, 14, 28),
(368, 17, 32),
(455, 20, 22),
(387, 8, 28),
(284, 21, 14),
(355, 8, 8),
(51, 19, 35),
(17, 11, 35),
(124, 16, 38),
(23, 20, 19),
(352, 19, 6),
(389, 13, 4),
(606, 20, 23),
(500, 10, 2),
(333, 7, 13),
(380, 15, 24),
(480, 14, 18),
(528, 3, 46),
(385, 18, 35),
(483, 15, 22),
(67, 13, 1),
(507, 5, 11),
(565, 16, 19),
(132, 21, 28),
(91, 4, 1),
(423, 5, 1),
(525, 18, 20),
(593, 6, 13),
(458, 19, 45),
(565, 3, 18),
(601, 21, 46),
(402, 4, 50),
(503, 6, 42),
(497, 20, 46),
(74, 16, 33),
(260, 15, 15),
(87, 19, 40),
(341, 21, 1),
(47, 11, 39),
(279, 16, 34),
(492, 15, 24),
(113, 22, 16),
(425, 6, 3),
(465, 22, 32),
(48, 10, 24),
(393, 15, 36),
(478, 6, 39),
(158, 16, 2),
(61, 5, 44),
(515, 13, 25),
(268, 16, 3),
(603, 8, 23),
(238, 22, 11),
(247, 10, 5),
(242, 18, 38),
(35, 17, 24),
(413, 3, 8),
(461, 18, 22),
(275, 6, 37),
(464, 15, 5),
(534, 17, 31),
(38, 8, 25),
(36, 22, 49),
(407, 13, 27),
(327, 22, 32),
(325, 5, 19),
(247, 13, 11),
(170, 5, 21),
(458, 18, 5),
(550, 11, 38),
(157, 5, 48),
(477, 16, 25),
(193, 22, 15),
(578, 8, 37),
(385, 20, 18),
(347, 5, 32),
(599, 5, 17),
(570, 20, 12),
(543, 3, 43),
(365, 12, 49),
(140, 6, 11),
(16, 7, 15),
(391, 16, 39),
(27, 21, 15),
(473, 9, 48),
(377, 7, 13),
(448, 6, 36),
(301, 12, 19),
(140, 13, 5),
(10, 21, 20),
(342, 14, 27),
(120, 11, 10),
(390, 10, 44),
(283, 17, 35),
(339, 14, 35),
(34, 8, 44),
(138, 9, 4),
(479, 13, 27),
(458, 6, 34),
(111, 6, 29),
(77, 17, 3),
(563, 19, 13),
(381, 18, 11),
(192, 22, 45),
(309, 22, 21),
(483, 6, 8),
(84, 19, 48),
(327, 6, 5),
(132, 21, 1),
(130, 12, 16),
(502, 3, 36),
(268, 15, 16),
(539, 18, 36),
(99, 17, 7),
(23, 4, 23),
(56, 12, 29),
(422, 16, 26),
(379, 8, 8),
(531, 11, 39),
(87, 19, 12),
(537, 12, 16),
(521, 4, 29),
(549, 14, 41),
(377, 15, 28),
(434, 10, 42),
(390, 13, 17),
(146, 21, 2),
(252, 11, 50),
(580, 15, 8),
(221, 13, 23),
(568, 15, 39),
(271, 7, 27),
(217, 4, 41),
(589, 13, 24),
(103, 19, 4),
(299, 10, 23),
(107, 9, 49),
(14, 5, 16),
(160, 5, 25),
(233, 8, 23),
(345, 6, 17),
(232, 6, 11),
(523, 7, 34),
(450, 21, 44),
(347, 3, 47),
(317, 5, 7),
(454, 6, 18),
(263, 17, 14),
(253, 8, 22),
(501, 5, 47),
(440, 20, 44),
(559, 4, 19),
(352, 5, 4),
(176, 9, 38),
(49, 14, 42),
(292, 20, 42),
(76, 22, 7),
(409, 16, 27),
(264, 3, 7),
(449, 22, 5),
(160, 5, 43),
(447, 7, 37),
(525, 21, 46),
(39, 16, 42),
(338, 21, 27),
(309, 16, 32),
(541, 7, 50),
(256, 11, 1),
(244, 17, 13),
(352, 5, 47),
(346, 4, 9),
(179, 15, 29),
(287, 11, 2),
(232, 18, 10),
(187, 10, 46),
(455, 9, 31),
(182, 20, 6),
(153, 8, 41),
(605, 21, 14),
(319, 5, 34),
(19, 8, 32),
(177, 15, 9),
(294, 3, 43),
(119, 3, 5),
(179, 12, 15),
(528, 16, 15),
(446, 5, 13),
(293, 18, 49),
(245, 10, 16),
(240, 10, 15),
(135, 6, 10),
(436, 11, 31),
(308, 12, 7),
(268, 3, 4),
(427, 12, 37),
(153, 5, 2),
(564, 9, 36),
(31, 18, 8),
(281, 4, 36),
(87, 5, 26),
(195, 15, 8),
(409, 13, 35),
(433, 3, 40),
(592, 19, 19),
(165, 10, 16),
(539, 4, 19),
(160, 21, 25),
(222, 8, 16),
(492, 21, 39),
(562, 12, 48),
(457, 7, 13),
(119, 6, 21),
(225, 11, 14),
(440, 17, 22),
(67, 3, 38),
(271, 7, 47),
(24, 16, 25),
(142, 21, 34),
(510, 11, 12),
(280, 21, 4),
(42, 10, 23),
(566, 7, 31),
(359, 19, 37),
(270, 14, 29),
(142, 22, 38),
(158, 3, 30),
(224, 15, 33),
(209, 22, 12),
(166, 16, 44),
(379, 17, 11),
(189, 19, 31),
(147, 11, 39),
(333, 14, 23),
(165, 19, 36),
(183, 19, 26),
(249, 9, 25),
(438, 14, 37),
(502, 19, 14),
(149, 17, 20),
(522, 4, 34),
(267, 18, 36),
(144, 11, 42),
(584, 15, 20),
(551, 13, 14),
(380, 7, 50),
(66, 10, 27),
(151, 9, 17),
(462, 7, 15),
(566, 10, 13),
(399, 7, 26),
(111, 8, 11),
(546, 19, 45),
(118, 3, 49),
(596, 13, 34),
(596, 6, 43),
(163, 21, 12),
(305, 18, 45),
(166, 6, 29),
(110, 8, 50),
(205, 22, 12),
(15, 20, 12),
(29, 10, 43),
(544, 12, 25),
(109, 20, 16),
(251, 6, 28),
(183, 22, 10),
(61, 10, 40),
(124, 20, 3),
(220, 11, 45),
(548, 19, 36),
(201, 3, 7),
(118, 5, 38),
(573, 13, 26),
(98, 10, 16),
(551, 15, 13),
(202, 13, 22),
(376, 20, 2),
(74, 13, 12),
(116, 6, 48),
(375, 3, 3),
(419, 16, 42),
(251, 15, 47),
(14, 22, 32),
(164, 13, 43),
(548, 14, 11),
(312, 16, 2),
(473, 3, 40),
(552, 3, 9),
(336, 16, 44),
(116, 19, 44),
(522, 17, 30),
(354, 3, 31),
(169, 18, 4),
(91, 19, 25),
(291, 5, 13),
(451, 17, 28),
(124, 22, 41),
(159, 8, 3),
(101, 22, 44),
(465, 12, 31),
(602, 6, 43),
(398, 13, 37),
(151, 5, 47),
(422, 10, 41),
(498, 19, 21),
(149, 8, 3),
(116, 15, 16),
(120, 21, 48),
(126, 21, 34),
(356, 17, 30),
(359, 16, 34),
(311, 4, 39),
(184, 11, 49),
(33, 3, 50),
(448, 12, 16),
(84, 22, 13),
(434, 11, 45),
(12, 4, 28),
(546, 6, 30),
(457, 4, 33),
(531, 21, 8),
(82, 8, 29),
(59, 20, 50),
(316, 13, 7),
(368, 13, 19),
(285, 10, 14),
(602, 5, 42),
(171, 13, 16),
(352, 21, 4),
(143, 3, 41),
(87, 18, 34),
(533, 9, 48),
(573, 3, 23),
(514, 15, 19),
(255, 16, 33),
(340, 8, 2),
(31, 14, 42),
(603, 14, 23),
(223, 21, 13),
(324, 9, 40),
(265, 5, 5),
(596, 18, 19),
(350, 12, 18),
(334, 14, 8),
(473, 10, 2),
(341, 17, 17),
(583, 18, 34),
(512, 8, 28),
(305, 16, 24),
(592, 17, 27),
(605, 15, 31),
(139, 3, 44),
(323, 18, 6),
(387, 7, 23),
(370, 18, 15),
(120, 16, 18),
(339, 9, 11),
(147, 20, 42),
(357, 18, 18),
(528, 16, 18),
(519, 10, 14),
(328, 11, 19),
(316, 3, 5),
(386, 14, 27),
(536, 20, 40),
(188, 6, 34),
(457, 3, 20),
(517, 15, 17),
(326, 20, 43),
(562, 15, 48),
(74, 13, 27),
(251, 17, 15),
(54, 22, 18),
(515, 13, 23),
(188, 5, 37),
(98, 16, 26),
(155, 6, 35),
(372, 21, 31),
(220, 22, 48),
(308, 21, 2),
(29, 15, 9),
(426, 12, 27),
(566, 12, 34),
(448, 8, 28),
(150, 17, 14),
(421, 22, 14),
(467, 21, 40),
(141, 20, 41),
(529, 12, 19),
(356, 9, 17),
(235, 13, 46),
(297, 7, 36),
(234, 10, 42),
(336, 16, 6),
(514, 6, 5),
(387, 16, 22),
(85, 7, 41),
(308, 20, 30),
(175, 13, 16),
(464, 21, 37),
(392, 15, 21),
(413, 3, 13),
(254, 9, 42),
(455, 19, 49),
(446, 3, 7),
(215, 4, 7),
(324, 9, 18),
(521, 9, 14),
(276, 10, 30),
(263, 6, 39),
(373, 22, 11),
(359, 5, 30),
(338, 19, 11),
(574, 15, 33),
(132, 4, 21),
(304, 3, 1),
(76, 10, 8),
(517, 11, 33),
(359, 21, 26),
(471, 11, 25),
(332, 19, 22),
(424, 14, 29),
(286, 12, 36),
(269, 12, 18),
(602, 4, 1),
(542, 17, 31);

-- --------------------------------------------------------

--
-- 資料表結構 `product`
--

CREATE TABLE `product` (
  `P_ID` int(11) NOT NULL,
  `P_name` varchar(100) NOT NULL,
  `price` int(11) NOT NULL,
  `stock` int(11) NOT NULL,
  `update_time` date NOT NULL
) ENGINE=InnoDB DEFAULT CHARSET=utf8mb4;

--
-- 傾印資料表的資料 `product`
--

INSERT INTO `product` (`P_ID`, `P_name`, `price`, `stock`, `update_time`) VALUES
(3, '【台灣黑豬】五花肉塊 (500g)', 335, 25, '2022-01-04'),
(4, '【台灣黑豬】松坂肉 (300g)', 370, 30, '2022-01-04'),
(5, '里肌火鍋肉片 (200g)', 155, 12, '2022-01-04'),
(6, '梅花火鍋肉片(200g)', 155, 9, '2022-01-04'),
(7, '【台灣黑豬】里肌肉片 (300g)', 265, 11, '2022-01-04'),
(8, '【台灣黑豬】里肌小排 (300g', 210, 26, '2022-01-04'),
(9, '【台畜X貓兒干聯名】青辣椒花生醬雞胸肉(160g)', 120, 15, '2022-01-04'),
(10, '眷村麻醬雞胸肉(160g)', 120, 25, '2022-01-04'),
(11, '【台畜X味好美聯名】紐奧良辣雞胸肉(160g)', 120, 6, '2022-01-04'),
(12, '翠玉蔥油即食雞胸肉(160g)', 120, 8, '2022-01-04'),
(13, '青檸紅藜雞胸肉 (160g)', 120, 14, '2022-01-04'),
(14, '川味椒麻雞胸肉 (160g)', 120, 25, '2022-01-04'),
(15, '胡桃木香燻雞胸肉 (160g)', 120, 5, '2022-01-04'),
(16, '迷迭香雞胸肉 (160g)', 120, 6, '2022-01-04'),
(17, '【台畜X味好美聯名】紐奧良辣雞腿(110g/包)', 90, 9, '2022-01-04'),
(18, '培根 (190g)', 169, 19, '2022-01-04'),
(19, '瑞典小肉丸 (180g)', 184, 21, '2022-01-04'),
(20, '經典香酥排骨 (1000g/包, 約8片)', 559, 36, '2022-01-04'),
(21, '德國脆皮豬腳(630g/盒)', 445, 10, '2022-01-04'),
(22, '古早味肉燥 (300g/包)', 138, 7, '2022-01-04');

-- --------------------------------------------------------

--
-- 資料表結構 `product_setting`
--

CREATE TABLE `product_setting` (
  `Row_ID` int(11) NOT NULL,
  `p_id` int(11) NOT NULL,
  `m_id` int(11) NOT NULL,
  `useage` int(11) NOT NULL
) ENGINE=InnoDB DEFAULT CHARSET=utf8mb4;

--
-- 傾印資料表的資料 `product_setting`
--

INSERT INTO `product_setting` (`Row_ID`, `p_id`, `m_id`, `useage`) VALUES
(1, 3, 11, 3),
(2, 3, 12, 2),
(3, 3, 6, 1),
(4, 4, 5, 4),
(5, 4, 10, 3),
(6, 4, 6, 5),
(7, 5, 7, 1),
(8, 5, 17, 2),
(9, 5, 9, 3),
(10, 6, 16, 2),
(11, 6, 15, 4),
(12, 6, 17, 1),
(13, 7, 16, 5),
(14, 7, 17, 3),
(15, 7, 6, 1),
(16, 8, 15, 2),
(17, 8, 16, 2),
(18, 8, 10, 1),
(19, 9, 7, 4),
(20, 9, 11, 1),
(21, 9, 16, 2),
(22, 10, 18, 5),
(23, 10, 17, 3),
(24, 10, 5, 1),
(25, 11, 7, 2),
(26, 11, 13, 5),
(27, 11, 9, 4),
(28, 12, 13, 3),
(29, 12, 11, 2),
(30, 12, 17, 1),
(31, 13, 5, 2),
(32, 13, 17, 3),
(33, 13, 16, 4),
(34, 14, 5, 5),
(35, 14, 7, 3),
(36, 14, 9, 2),
(37, 15, 12, 1),
(38, 15, 10, 4),
(39, 15, 14, 3),
(40, 16, 17, 2),
(41, 16, 6, 5),
(42, 16, 16, 1),
(43, 17, 15, 2),
(44, 17, 10, 2),
(45, 17, 14, 4),
(46, 18, 17, 1),
(47, 18, 15, 5),
(48, 18, 7, 3),
(49, 19, 15, 1),
(50, 19, 11, 2),
(51, 19, 10, 4),
(52, 20, 6, 4),
(53, 20, 14, 1),
(54, 20, 13, 5),
(55, 21, 7, 2),
(56, 21, 5, 3),
(57, 21, 16, 4),
(58, 22, 7, 2),
(59, 22, 15, 5),
(60, 22, 16, 4);

-- --------------------------------------------------------

--
-- 資料表結構 `target`
--

CREATE TABLE `target` (
  `T_id` int(11) NOT NULL,
  `T_name` varchar(25) NOT NULL,
  `avg_salary` int(11) NOT NULL,
  `avg_age` int(11) NOT NULL
) ENGINE=InnoDB DEFAULT CHARSET=utf8mb4;

--
-- 傾印資料表的資料 `target`
--

INSERT INTO `target` (`T_id`, `T_name`, `avg_salary`, `avg_age`) VALUES
(1, '學生', 2000, 16),
(2, '上班族', 30000, 30),
(3, '老年人', 25000, 65),
(4, '年輕女性', 40000, 20),
(5, '年輕男性', 35000, 23);

-- --------------------------------------------------------

--
-- 資料表結構 `user`
--

CREATE TABLE `user` (
  `User_ID` int(11) NOT NULL,
  `account` varchar(25) NOT NULL,
  `password` varchar(25) NOT NULL,
  `user_name` varchar(25) NOT NULL,
  `a_level` int(11) NOT NULL,
  `a_type` varchar(25) NOT NULL
) ENGINE=InnoDB DEFAULT CHARSET=utf8mb4;

--
-- 傾印資料表的資料 `user`
--

INSERT INTO `user` (`User_ID`, `account`, `password`, `user_name`, `a_level`, `a_type`) VALUES
(1, '1', '2', 'S', 1, '1'),
(5, 'test1', '1', 'test1', 1, 'T001'),
(6, 'test2', '3', 'test2', 1, 'T002'),
(7, 'manager_chen', '1234', '陳經理', 2, '低級管理層'),
(8, 'employee_lin', '1234', '林員工', 6, '一般階層'),
(9, 'test3', '1234', '王總理', 3, '高級管理層'),
(10, 'test4', '1234', '張華欣', 5, '老闆'),
(11, 'test5', '1234', '李董事', 4, '董事');

--
-- 已傾印資料表的索引
--

--
-- 資料表索引 `act_perform`
--
ALTER TABLE `act_perform`
  ADD PRIMARY KEY (`A_ID`);

--
-- 資料表索引 `customer`
--
ALTER TABLE `customer`
  ADD PRIMARY KEY (`C_ID`);

--
-- 資料表索引 `material`
--
ALTER TABLE `material`
  ADD PRIMARY KEY (`M_ID`);

--
-- 資料表索引 `order`
--
ALTER TABLE `order`
  ADD PRIMARY KEY (`O_ID`);

--
-- 資料表索引 `product`
--
ALTER TABLE `product`
  ADD PRIMARY KEY (`P_ID`);

--
-- 資料表索引 `product_setting`
--
ALTER TABLE `product_setting`
  ADD PRIMARY KEY (`Row_ID`);

--
-- 資料表索引 `target`
--
ALTER TABLE `target`
  ADD PRIMARY KEY (`T_id`);

--
-- 資料表索引 `user`
--
ALTER TABLE `user`
  ADD PRIMARY KEY (`User_ID`);

--
-- 在傾印的資料表使用自動遞增(AUTO_INCREMENT)
--

--
-- 使用資料表自動遞增(AUTO_INCREMENT) `act_perform`
--
ALTER TABLE `act_perform`
  MODIFY `A_ID` int(11) NOT NULL AUTO_INCREMENT, AUTO_INCREMENT=2;

--
-- 使用資料表自動遞增(AUTO_INCREMENT) `customer`
--
ALTER TABLE `customer`
  MODIFY `C_ID` int(11) NOT NULL AUTO_INCREMENT, AUTO_INCREMENT=327;

--
-- 使用資料表自動遞增(AUTO_INCREMENT) `material`
--
ALTER TABLE `material`
  MODIFY `M_ID` int(11) NOT NULL AUTO_INCREMENT, AUTO_INCREMENT=19;

--
-- 使用資料表自動遞增(AUTO_INCREMENT) `order`
--
ALTER TABLE `order`
  MODIFY `O_ID` int(11) NOT NULL AUTO_INCREMENT, AUTO_INCREMENT=609;

--
-- 使用資料表自動遞增(AUTO_INCREMENT) `product`
--
ALTER TABLE `product`
  MODIFY `P_ID` int(11) NOT NULL AUTO_INCREMENT, AUTO_INCREMENT=23;

--
-- 使用資料表自動遞增(AUTO_INCREMENT) `product_setting`
--
ALTER TABLE `product_setting`
  MODIFY `Row_ID` int(11) NOT NULL AUTO_INCREMENT, AUTO_INCREMENT=61;

--
-- 使用資料表自動遞增(AUTO_INCREMENT) `target`
--
ALTER TABLE `target`
  MODIFY `T_id` int(11) NOT NULL AUTO_INCREMENT, AUTO_INCREMENT=6;

--
-- 使用資料表自動遞增(AUTO_INCREMENT) `user`
--
ALTER TABLE `user`
  MODIFY `User_ID` int(11) NOT NULL AUTO_INCREMENT, AUTO_INCREMENT=12;
COMMIT;

/*!40101 SET CHARACTER_SET_CLIENT=@OLD_CHARACTER_SET_CLIENT */;
/*!40101 SET CHARACTER_SET_RESULTS=@OLD_CHARACTER_SET_RESULTS */;
/*!40101 SET COLLATION_CONNECTION=@OLD_COLLATION_CONNECTION */;
